Id,Gene,Family
XP_034420871.1,14-3-3,PF00244.23
XP_034422587.1,14-3-3,PF00244.23
XP_034422004.1,14-3-3,PF00244.23
XP_034423335.1,2-Hacid_dh,PF00389.33
XP_034423033.1,2-Hacid_dh_C,PF02826.22
XP_034423324.1,2-Hacid_dh_C,PF02826.22
XP_034422549.1,2-Hacid_dh_C,PF02826.22
XP_034424293.1,2-Hacid_dh_C,PF02826.22
XP_034421572.1,2-Hacid_dh_C,PF02826.22
XP_034422033.1,2-Hacid_dh_C,PF02826.22
XP_034420894.1,2-Hacid_dh_C,PF02826.22
XP_034423416.1,2-Hacid_dh_C,PF02826.22
XP_034420883.1,2-Hacid_dh_C,PF02826.22
XP_034421895.1,2-Hacid_dh_C,PF02826.22
XP_034423336.1,2-Hacid_dh_C,PF02826.22
XP_034422894.1,AAA,PF00004.32
XP_034422393.1,AAA,PF00004.32
XP_034422098.1,AAA,PF00004.32
XP_034424054.1,AAA,PF00004.32
XP_034420073.1,AAA,PF00004.32
XP_034420901.1,AAA,PF00004.32
XP_034424368.1,AAA,PF00004.32
XP_034424445.1,AAA,PF00004.32
XP_034423871.1,AAA,PF00004.32
XP_034423439.1,AAA,PF00004.32
XP_034422744.1,AAA,PF00004.32
XP_034423922.1,AAA,PF00004.32
XP_034423364.1,AAA,PF00004.32
XP_034421635.1,AAA,PF00004.32
XP_034421530.1,AAA,PF00004.32
XP_034421855.1,AAA,PF00004.32
XP_034422945.1,AAA,PF00004.32
XP_034421446.1,AAA,PF00004.32
XP_034421662.1,AAA,PF00004.32
XP_034421016.1,AAA,PF00004.32
XP_034422155.1,AAA,PF00004.32
XP_034420887.1,AAA,PF00004.32
XP_034422925.1,AAA,PF00004.32
XP_034420520.1,AAA,PF00004.32
XP_034423420.1,AAA,PF00004.32
XP_034421903.1,AAA,PF00004.32
XP_034422077.1,AAA,PF00004.32
XP_034419620.1,AAA,PF00004.32
XP_034424378.1,AAA,PF00004.32
XP_034419866.1,AAA,PF00004.32
XP_034421604.1,AAA,PF00004.32
XP_034420030.1,AAA,PF00004.32
XP_034423417.1,AAA,PF00004.32
XP_034421060.1,AAA,PF00004.32
XP_034420042.1,AAA,PF00004.32
XP_034422588.1,AAA,PF00004.32
YP_009273028.1,AAA,PF00004.32
XP_034419751.1,AAA,PF00004.32
XP_034424100.1,AAA,PF00004.32
XP_034421761.1,AAA,PF00004.32
XP_034420314.1,AAA,PF00004.32
XP_034423183.1,AAA,PF00004.32
XP_034422238.1,AAA,PF00004.32
XP_034420169.1,AAA,PF00004.32
XP_034420218.1,AAA,PF00004.32
XP_034423052.1,AAA,PF00004.32
XP_034423041.1,AAA,PF00004.32
XP_034419792.1,AAA,PF00004.32
XP_034420100.1,AAA,PF00004.32
XP_034420598.1,AAA,PF00004.32
XP_034421701.1,AAA,PF00004.32
XP_034424060.1,AAA,PF00004.32
XP_034422598.1,AAA,PF00004.32
XP_034419754.1,AAA,PF00004.32
XP_034421616.1,AAA,PF00004.32
XP_034423598.1,AAA,PF00004.32
XP_034420982.1,AAA,PF00004.32
XP_034424328.1,AAA,PF00004.32
XP_034420571.1,AAA,PF00004.32
XP_034421270.1,AAA,PF00004.32
XP_034424154.1,AAA,PF00004.32
XP_034423645.1,AAA,PF00004.32
XP_034420884.1,AAA,PF00004.32
XP_034420008.1,AAA,PF00004.32
XP_034422048.1,AAA,PF00004.32
XP_034420921.1,AAA,PF00004.32
XP_034422646.1,AAA,PF00004.32
XP_034420239.1,AAA,PF00004.32
XP_034420928.1,AAA,PF00004.32
XP_034421754.1,AAA,PF00004.32
XP_034422764.1,AAA,PF00004.32
XP_034423092.1,AAA,PF00004.32
XP_034422715.1,AAA,PF00004.32
XP_034422630.1,AAA,PF00004.32
XP_034423782.1,AAA,PF00004.32
XP_034420885.1,AAA,PF00004.32
XP_034421159.1,AAA,PF00004.32
XP_034419749.1,AAA,PF00004.32
XP_034421438.1,AAA,PF00004.32
XP_034421827.1,AAA,PF00004.32
XP_034423832.1,AAA,PF00004.32
XP_034423191.1,AAA,PF00004.32
XP_034420958.1,AAA,PF00004.32
XP_034421908.1,AAA,PF00004.32
XP_034423290.1,AAA,PF00004.32
XP_034423941.1,AAA,PF00004.32
XP_034420170.1,AAA,PF00004.32
XP_034421903.1,AAA_22,PF13401.9
XP_034422238.1,AAA_22,PF13401.9
XP_034419866.1,AAA_22,PF13401.9
XP_034423052.1,AAA_22,PF13401.9
XP_034420073.1,AAA_22,PF13401.9
XP_034420520.1,AAA_22,PF13401.9
XP_034421662.1,AAA_22,PF13401.9
XP_034422894.1,AAA_22,PF13401.9
XP_034422393.1,AAA_22,PF13401.9
XP_034421604.1,AAA_22,PF13401.9
XP_034423643.1,AAA_22,PF13401.9
XP_034423420.1,AAA_22,PF13401.9
XP_034420382.1,AAA_22,PF13401.9
XP_034421158.1,AAA_22,PF13401.9
XP_034422155.1,AAA_22,PF13401.9
XP_034422098.1,AAA_22,PF13401.9
XP_034424100.1,AAA_22,PF13401.9
XP_034422588.1,AAA_22,PF13401.9
XP_034422744.1,AAA_22,PF13401.9
XP_034421616.1,AAA_22,PF13401.9
XP_034420314.1,AAA_22,PF13401.9
XP_034423183.1,AAA_22,PF13401.9
XP_034420030.1,AAA_22,PF13401.9
XP_034421761.1,AAA_22,PF13401.9
XP_034423922.1,AAA_22,PF13401.9
XP_034420901.1,AAA_22,PF13401.9
XP_034424054.1,AAA_22,PF13401.9
XP_034424287.1,AAA_22,PF13401.9
XP_034421446.1,AAA_22,PF13401.9
XP_034424368.1,AAA_22,PF13401.9
XP_034422598.1,AAA_22,PF13401.9
XP_034422608.1,AAA_22,PF13401.9
XP_034419754.1,AAA_22,PF13401.9
XP_034423598.1,AAA_22,PF13401.9
XP_034422945.1,AAA_22,PF13401.9
XP_034422110.1,AAA_22,PF13401.9
XP_034424154.1,AAA_22,PF13401.9
XP_034421016.1,AAA_22,PF13401.9
XP_034422077.1,AAA_22,PF13401.9
XP_034424445.1,AAA_22,PF13401.9
YP_009273028.1,AAA_22,PF13401.9
XP_034421438.1,AAA_22,PF13401.9
XP_034421855.1,AAA_22,PF13401.9
XP_034420840.1,AAA_22,PF13401.9
XP_034423871.1,AAA_22,PF13401.9
XP_034421270.1,AAA_22,PF13401.9
XP_034424060.1,AAA_22,PF13401.9
XP_034420887.1,AAA_22,PF13401.9
XP_034420958.1,AAA_22,PF13401.9
XP_034421530.1,AAA_22,PF13401.9
XP_034421635.1,AAA_22,PF13401.9
XP_034419792.1,AAA_22,PF13401.9
XP_034424378.1,AAA_22,PF13401.9
XP_034424011.1,AAA_22,PF13401.9
XP_034421060.1,AAA_22,PF13401.9
XP_034421754.1,AAA_22,PF13401.9
XP_034423364.1,AAA_22,PF13401.9
XP_034421980.1,AAA_22,PF13401.9
XP_034423290.1,AAA_22,PF13401.9
XP_034422646.1,AAA_22,PF13401.9
XP_034421323.1,AAA_22,PF13401.9
XP_034423834.1,AAA_22,PF13401.9
XP_034423417.1,AAA_22,PF13401.9
XP_034419620.1,AAA_22,PF13401.9
XP_034422166.1,AAA_22,PF13401.9
XP_034420571.1,AAA_22,PF13401.9
XP_034420657.1,AAA_22,PF13401.9
XP_034420008.1,AAA_22,PF13401.9
XP_034423448.1,AAA_22,PF13401.9
XP_034423690.1,AAA_22,PF13401.9
XP_034423439.1,AAA_22,PF13401.9
XP_034423041.1,AAA_22,PF13401.9
XP_034420470.1,AAA_22,PF13401.9
XP_034420239.1,AAA_22,PF13401.9
XP_034424282.1,AAA_22,PF13401.9
XP_034423299.1,AAA_22,PF13401.9
XP_034421701.1,AAA_22,PF13401.9
XP_034423269.1,AAA_22,PF13401.9
XP_034422925.1,AAA_22,PF13401.9
XP_034420584.1,AAA_22,PF13401.9
XP_034420042.1,AAA_22,PF13401.9
XP_034423645.1,AAA_22,PF13401.9
XP_034421436.1,AAA_22,PF13401.9
XP_034423804.1,AAA_22,PF13401.9
XP_034420218.1,AAA_22,PF13401.9
XP_034421386.1,AAA_22,PF13401.9
XP_034421908.1,AAA_22,PF13401.9
XP_034424262.1,AAA_22,PF13401.9
XP_034422330.1,AAA_22,PF13401.9
XP_034419723.1,AAA_22,PF13401.9
XP_034423803.1,AAA_22,PF13401.9
XP_034420982.1,AAA_22,PF13401.9
XP_034422715.1,AAA_22,PF13401.9
XP_034422764.1,AAA_22,PF13401.9
XP_034423040.1,AAA_22,PF13401.9
XP_034422292.1,AAA_22,PF13401.9
XP_034422342.1,AAA_22,PF13401.9
XP_034420933.1,AAA_22,PF13401.9
XP_034421159.1,AAA_22,PF13401.9
XP_034423809.1,AAA_22,PF13401.9
XP_034422242.1,AAA_22,PF13401.9
XP_034421186.1,AAA_22,PF13401.9
XP_034420170.1,AAA_22,PF13401.9
XP_034421047.1,AAA_22,PF13401.9
XP_034423782.1,AAA_22,PF13401.9
XP_034420100.1,AAA_22,PF13401.9
XP_034424269.1,AAA_22,PF13401.9
XP_034420513.1,AAA_22,PF13401.9
XP_034422247.1,AAA_22,PF13401.9
XP_034420928.1,AAA_22,PF13401.9
XP_034422567.1,AAA_22,PF13401.9
XP_034423698.1,AAA_22,PF13401.9
XP_034423892.1,AAA_22,PF13401.9
XP_034420472.1,AAA_22,PF13401.9
XP_034423632.1,AAA_22,PF13401.9
XP_034422847.1,AAA_22,PF13401.9
XP_034419751.1,AAA_22,PF13401.9
XP_034422172.1,AAA_22,PF13401.9
XP_034420783.1,AAA_22,PF13401.9
XP_034419655.1,AAA_22,PF13401.9
XP_034420790.1,Abhydrolase_5,PF12695.10
XP_034420867.1,Abhydrolase_5,PF12695.10
XP_034420733.1,Abhydrolase_5,PF12695.10
XP_034420819.1,Acetyltransf_1,PF00583.28
XP_034422930.1,Acetyltransf_1,PF00583.28
XP_034423541.1,Acetyltransf_1,PF00583.28
XP_034422694.1,Acetyltransf_1,PF00583.28
XP_034419768.1,Acetyltransf_1,PF00583.28
XP_034420618.1,Acetyltransf_1,PF00583.28
XP_034422483.1,Acetyltransf_1,PF00583.28
XP_034424105.1,Acetyltransf_1,PF00583.28
XP_034420290.1,Acetyltransf_1,PF00583.28
XP_034422930.1,Acetyltransf_7,PF13508.10
XP_034420819.1,Acetyltransf_7,PF13508.10
XP_034420618.1,Acetyltransf_7,PF13508.10
XP_034422694.1,Acetyltransf_7,PF13508.10
XP_034419768.1,Acetyltransf_7,PF13508.10
XP_034422483.1,Acetyltransf_7,PF13508.10
XP_034421645.1,Acetyltransf_7,PF13508.10
XP_034424420.1,Actin,PF00022.22
XP_034422100.1,Actin,PF00022.22
XP_034419819.1,Actin,PF00022.22
XP_034422005.1,Actin,PF00022.22
XP_034421720.1,Actin,PF00022.22
XP_034422257.1,Actin,PF00022.22
XP_034421785.1,Actin,PF00022.22
XP_034420668.1,Actin,PF00022.22
XP_034421875.1,Actin,PF00022.22
XP_034421089.1,Actin,PF00022.22
XP_034419849.1,Actin,PF00022.22
XP_034422961.1,Amino_oxidase,PF01593.27
XP_034420601.1,Amino_oxidase,PF01593.27
XP_034420363.1,Amino_oxidase,PF01593.27
XP_034421895.1,Amino_oxidase,PF01593.27
XP_034424389.1,Amino_oxidase,PF01593.27
XP_034423385.1,Amino_oxidase,PF01593.27
XP_034420679.1,Amino_oxidase,PF01593.27
XP_034422002.1,Ank,PF00023.33
XP_034420302.1,Ank,PF00023.33
XP_034422767.1,Ank,PF00023.33
XP_034422466.1,Ank,PF00023.33
XP_034420416.1,Ank,PF00023.33
XP_034421641.1,Ank,PF00023.33
XP_034423946.1,Ank,PF00023.33
XP_034422286.1,Ank,PF00023.33
XP_034420801.1,Ank,PF00023.33
XP_034422475.1,Ank,PF00023.33
XP_034420077.1,Ank,PF00023.33
XP_034422116.1,Ank,PF00023.33
XP_034421414.1,Ank,PF00023.33
XP_034423534.1,Ank,PF00023.33
XP_034420639.1,Ank,PF00023.33
XP_034422002.1,Ank_2,PF12796.10
XP_034422466.1,Ank_2,PF12796.10
XP_034422767.1,Ank_2,PF12796.10
XP_034422286.1,Ank_2,PF12796.10
XP_034420302.1,Ank_2,PF12796.10
XP_034420416.1,Ank_2,PF12796.10
XP_034423946.1,Ank_2,PF12796.10
XP_034420801.1,Ank_2,PF12796.10
XP_034420077.1,Ank_2,PF12796.10
XP_034422475.1,Ank_2,PF12796.10
XP_034421641.1,Ank_2,PF12796.10
XP_034423534.1,Ank_2,PF12796.10
XP_034424417.1,Ank_2,PF12796.10
XP_034422116.1,Ank_2,PF12796.10
XP_034421414.1,Ank_2,PF12796.10
XP_034423510.1,Ank_2,PF12796.10
XP_034422002.1,Ank_4,PF13637.9
XP_034420302.1,Ank_4,PF13637.9
XP_034423946.1,Ank_4,PF13637.9
XP_034422767.1,Ank_4,PF13637.9
XP_034422466.1,Ank_4,PF13637.9
XP_034420416.1,Ank_4,PF13637.9
XP_034420077.1,Ank_4,PF13637.9
XP_034422286.1,Ank_4,PF13637.9
XP_034421641.1,Ank_4,PF13637.9
XP_034420801.1,Ank_4,PF13637.9
XP_034421414.1,Ank_4,PF13637.9
XP_034424417.1,Ank_4,PF13637.9
XP_034423534.1,Ank_4,PF13637.9
XP_034422475.1,Ank_4,PF13637.9
XP_034422116.1,Ank_4,PF13637.9
XP_034419624.1,ARID,PF01388.24
XP_034424218.1,ASF1_hist_chap,PF04729.16
XP_034422137.1,Atrophin-1,PF03154.18
XP_034422956.1,Atrophin-1,PF03154.18
XP_034422859.1,Atrophin-1,PF03154.18
XP_034422913.1,Atrophin-1,PF03154.18
XP_034419672.1,Atrophin-1,PF03154.18
XP_034420117.1,AT_hook,PF02178.22
XP_034422421.1,BAF250_C,PF12031.11
XP_034423388.1,BPL_LplA_LipB,PF03099.22
XP_034420351.1,BPL_LplA_LipB,PF03099.22
XP_034423953.1,BPL_LplA_LipB,PF03099.22
XP_034420816.1,BPL_LplA_LipB,PF03099.22
XP_034420042.1,BRCT,PF00533.29
XP_034424113.1,Bromodomain,PF00439.28
XP_034420819.1,Bromodomain,PF00439.28
XP_034423159.1,Bromodomain,PF00439.28
XP_034420416.1,Bromodomain,PF00439.28
XP_034419758.1,Bromodomain,PF00439.28
XP_034419888.1,Bromodomain,PF00439.28
XP_034422999.1,Bromodomain,PF00439.28
XP_034422295.1,Bromodomain,PF00439.28
XP_034423888.1,Bromo_TP,PF07524.16
XP_034423390.1,BTB,PF00651.34
XP_034422634.1,BTB,PF00651.34
XP_034423705.1,bZIP_1,PF00170.24
XP_034424036.1,bZIP_1,PF00170.24
XP_034422323.1,bZIP_1,PF00170.24
XP_034421126.1,bZIP_1,PF00170.24
XP_034421286.1,C1_1,PF00130.25
XP_034421388.1,C1_1,PF00130.25
XP_034422647.1,C1_1,PF00130.25
XP_034424365.1,C1_1,PF00130.25
XP_034424186.1,C1_1,PF00130.25
XP_034422531.1,C1_1,PF00130.25
XP_034422922.1,C2,PF00168.33
XP_034423345.1,C2,PF00168.33
XP_034424399.1,C2,PF00168.33
XP_034421727.1,C2,PF00168.33
XP_034419959.1,C2,PF00168.33
XP_034419626.1,C2,PF00168.33
XP_034419756.1,CAF1C_H4-bd,PF12265.11
XP_034423600.1,CAF1C_H4-bd,PF12265.11
XP_034420893.1,CAF1C_H4-bd,PF12265.11
XP_034421915.1,CAF1C_H4-bd,PF12265.11
XP_034421376.1,CBFD_NFYB_HMF,PF00808.26
XP_034423187.1,CBFD_NFYB_HMF,PF00808.26
XP_034423888.1,CBFD_NFYB_HMF,PF00808.26
XP_034421770.1,CBFD_NFYB_HMF,PF00808.26
XP_034422562.1,CBFD_NFYB_HMF,PF00808.26
XP_034422854.1,CBFD_NFYB_HMF,PF00808.26
XP_034422376.1,CBFD_NFYB_HMF,PF00808.26
XP_034421771.1,CBFD_NFYB_HMF,PF00808.26
XP_034419688.1,CBFD_NFYB_HMF,PF00808.26
XP_034424028.1,CBFD_NFYB_HMF,PF00808.26
XP_034423922.1,CBFD_NFYB_HMF,PF00808.26
XP_034422377.1,CBFD_NFYB_HMF,PF00808.26
XP_034421303.1,CBS,PF00571.31
XP_034421189.1,CBS,PF00571.31
XP_034423031.1,CDC73_C,PF05179.17
XP_034420117.1,CENP-C_C,PF11699.11
XP_034420301.1,CENP-C_C,PF11699.11
XP_034424185.1,Chromo,PF00385.27
XP_034420322.1,Chromo,PF00385.27
XP_034421434.1,Chromo,PF00385.27
XP_034424185.1,Chromo_shadow,PF01393.22
XP_034423766.1,Cir_N,PF10197.12
XP_034424006.1,ClpS,PF02617.20
XP_034419838.1,ClpS,PF02617.20
XP_034423344.1,Cohesin_HEAT,PF12765.10
XP_034424319.1,CPSF_A,PF03178.18
XP_034421045.1,CPSF_A,PF03178.18
XP_034422336.1,CPSF_A,PF03178.18
XP_034423805.1,CPSF_A,PF03178.18
XP_034424088.1,Cullin,PF00888.25
XP_034422493.1,Cullin,PF00888.25
XP_034424088.1,Cullin_Nedd8,PF10557.12
XP_034422493.1,Cullin_Nedd8,PF10557.12
XP_034421611.1,Cupin_8,PF13621.9
XP_034419616.1,Cupin_8,PF13621.9
XP_034423778.1,dCMP_cyt_deam_1,PF00383.26
XP_034420535.1,dCMP_cyt_deam_1,PF00383.26
XP_034423010.1,DEAD,PF00270.32
XP_034423250.1,DEAD,PF00270.32
XP_034424243.1,DEAD,PF00270.32
XP_034423183.1,DEAD,PF00270.32
XP_034422504.1,DEAD,PF00270.32
XP_034422249.1,DEAD,PF00270.32
XP_034423099.1,DEAD,PF00270.32
XP_034422292.1,DEAD,PF00270.32
XP_034424092.1,DEAD,PF00270.32
XP_034420034.1,DEAD,PF00270.32
XP_034423475.1,DEAD,PF00270.32
XP_034422855.1,DEAD,PF00270.32
XP_034420472.1,DEAD,PF00270.32
XP_034424471.1,DEAD,PF00270.32
XP_034423632.1,DEAD,PF00270.32
XP_034420783.1,DEAD,PF00270.32
XP_034422042.1,DEAD,PF00270.32
XP_034423880.1,DEAD,PF00270.32
XP_034423243.1,DEAD,PF00270.32
XP_034420688.1,DEAD,PF00270.32
XP_034423040.1,DEAD,PF00270.32
XP_034424379.1,DEAD,PF00270.32
XP_034419952.1,DEAD,PF00270.32
XP_034422847.1,DEAD,PF00270.32
XP_034423379.1,DEAD,PF00270.32
XP_034420470.1,DEAD,PF00270.32
XP_034422040.1,DEAD,PF00270.32
XP_034420298.1,DEAD,PF00270.32
XP_034421827.1,DEAD,PF00270.32
XP_034422913.1,DEAD,PF00270.32
XP_034421947.1,DEAD,PF00270.32
XP_034419609.1,DEAD,PF00270.32
XP_034421082.1,DEAD,PF00270.32
XP_034420628.1,DEAD,PF00270.32
XP_034419821.1,DEAD,PF00270.32
XP_034422247.1,DEAD,PF00270.32
XP_034420237.1,DEAD,PF00270.32
XP_034423941.1,DEAD,PF00270.32
XP_034421990.1,DEAD,PF00270.32
XP_034423617.1,DEAD,PF00270.32
XP_034421167.1,DEAD,PF00270.32
XP_034420511.1,DEAD,PF00270.32
XP_034423834.1,DEAD,PF00270.32
XP_034421158.1,DEAD,PF00270.32
XP_034421755.1,DEAD,PF00270.32
XP_034422608.1,DEAD,PF00270.32
XP_034424287.1,DEAD,PF00270.32
XP_034420840.1,DEAD,PF00270.32
XP_034421003.1,DEAD,PF00270.32
XP_034420382.1,DEAD,PF00270.32
XP_034421779.1,DEAD,PF00270.32
XP_034420322.1,DEAD,PF00270.32
XP_034421323.1,DEAD,PF00270.32
XP_034420866.1,DEAD,PF00270.32
XP_034422946.1,DEAD,PF00270.32
XP_034422442.1,DEAD,PF00270.32
XP_034422140.1,DEAD,PF00270.32
XP_034422545.1,DEAD,PF00270.32
XP_034421754.1,DEAD,PF00270.32
XP_034423052.1,DEAD,PF00270.32
XP_034420030.1,DEAD,PF00270.32
XP_034423804.1,DEAD,PF00270.32
XP_034422764.1,DEAD,PF00270.32
XP_034423553.1,DEAD,PF00270.32
XP_034420982.1,DEAD,PF00270.32
XP_034422715.1,DEAD,PF00270.32
XP_034423420.1,DEAD,PF00270.32
XP_034419826.1,DEAD,PF00270.32
XP_034420073.1,DEAD,PF00270.32
XP_034424378.1,DEAD,PF00270.32
XP_034421439.1,DEK_C,PF08766.14
XP_034422049.1,DEK_C,PF08766.14
XP_034424086.1,DEK_C,PF08766.14
XP_034420599.1,DnaJ,PF00226.34
XP_034419983.1,DnaJ,PF00226.34
XP_034423610.1,DnaJ,PF00226.34
XP_034422920.1,DnaJ,PF00226.34
XP_034422485.1,DnaJ,PF00226.34
XP_034419874.1,DnaJ,PF00226.34
XP_034420609.1,DnaJ,PF00226.34
XP_034421469.1,DnaJ,PF00226.34
XP_034423056.1,DnaJ,PF00226.34
XP_034422087.1,DnaJ,PF00226.34
XP_034421735.1,DnaJ,PF00226.34
XP_034421870.1,DnaJ,PF00226.34
XP_034423995.1,DnaJ,PF00226.34
XP_034422716.1,DnaJ,PF00226.34
XP_034421172.1,DnaJ,PF00226.34
XP_034420814.1,DnaJ,PF00226.34
XP_034423520.1,DnaJ,PF00226.34
XP_034422537.1,DnaJ,PF00226.34
XP_034423879.1,DnaJ,PF00226.34
XP_034424150.1,DnaJ,PF00226.34
XP_034422689.1,DnaJ,PF00226.34
XP_034422010.1,DnaJ,PF00226.34
XP_034422234.1,DnaJ,PF00226.34
XP_034421420.1,DnaJ,PF00226.34
XP_034421182.1,DnaJ,PF00226.34
XP_034420719.1,DnaJ,PF00226.34
XP_034421409.1,DnaJ,PF00226.34
XP_034421570.1,DnaJ,PF00226.34
XP_034419775.1,DnaJ,PF00226.34
XP_034422406.1,DnaJ,PF00226.34
XP_034422111.1,DnaJ,PF00226.34
XP_034421157.1,DnaJ,PF00226.34
XP_034424367.1,DNA_gyraseB,PF00204.28
XP_034421913.1,DNA_gyraseB,PF00204.28
XP_034419840.1,DNA_methylase,PF00145.20
XP_034420134.1,DNA_pol_phi,PF04931.16
XP_034421475.1,DNA_pol_phi,PF04931.16
XP_034424447.1,DNA_pol_phi,PF04931.16
XP_034420952.1,DNA_pol_phi,PF04931.16
XP_034419944.1,DNA_pol_phi,PF04931.16
XP_034424141.1,DNA_pol_phi,PF04931.16
XP_034423206.1,DNA_pol_phi,PF04931.16
XP_034421913.1,DNA_topoisoIV,PF00521.23
XP_034424206.1,DNA_topoisoIV,PF00521.23
XP_034421277.1,DNA_topoisoIV,PF00521.23
XP_034420100.1,Dpy-30,PF05186.16
XP_034420791.1,DUF908,PF06012.15
XP_034423728.1,DUF913,PF06025.15
XP_034423270.1,DUF913,PF06025.15
XP_034420225.1,DUSP,PF06337.15
XP_034424371.1,ECH_1,PF00378.23
XP_034421992.1,ECH_1,PF00378.23
XP_034420255.1,ECH_1,PF00378.23
XP_034420675.1,ECR1_N,PF14382.9
XP_034421878.1,ECR1_N,PF14382.9
XP_034420390.1,EGF,PF00008.30
XP_034420391.1,EGF,PF00008.30
XP_034419776.1,ELM2,PF01448.27
XP_034420066.1,ENT,PF03735.17
XP_034420675.1,EXOSC1,PF10447.12
XP_034419847.1,EXOSC1,PF10447.12
XP_034420655.1,EXOSC1,PF10447.12
XP_034423020.1,Exo_endo_phos,PF03372.26
XP_034420098.1,Exo_endo_phos,PF03372.26
XP_034421940.1,Exo_endo_phos,PF03372.26
XP_034421031.1,Exo_endo_phos,PF03372.26
XP_034419787.1,Exo_endo_phos,PF03372.26
XP_034422601.1,Exo_endo_phos,PF03372.26
XP_034424357.1,Exo_endo_phos,PF03372.26
XP_034421711.1,Exo_endo_phos,PF03372.26
XP_034424296.1,F-box,PF00646.36
XP_034422733.1,F-box,PF00646.36
XP_034422999.1,FACT-Spt16_Nlob,PF14826.9
XP_034422612.1,FACT-Spt16_Nlob,PF14826.9
XP_034420916.1,FAT,PF02259.26
XP_034424456.1,Fcf2,PF08698.14
XP_034420543.1,FHA,PF00498.29
XP_034421498.1,FHA,PF00498.29
XP_034423885.1,FHA,PF00498.29
XP_034423729.1,FHA,PF00498.29
XP_034421080.1,FHA,PF00498.29
XP_034422150.1,Fibrillarin,PF01269.20
XP_034423326.1,Forkhead_N,PF08430.15
XP_034424218.1,FTO_NTD,PF12933.10
XP_034423329.1,G-patch,PF01585.26
XP_034421725.1,G-patch,PF01585.26
XP_034423133.1,G-patch,PF01585.26
XP_034419817.1,GF_recep_IV,PF14843.9
XP_034420290.1,GNAT_acetyltr_2,PF13718.9
XP_034422663.1,GNAT_acetyltr_2,PF13718.9
XP_034422249.1,GUCT,PF08152.15
XP_034420511.1,GUCT,PF08152.15
XP_034422151.1,GUCT,PF08152.15
XP_034420840.1,HA2,PF04408.26
XP_034420382.1,HA2,PF04408.26
XP_034421158.1,HA2,PF04408.26
XP_034422608.1,HA2,PF04408.26
XP_034424287.1,HA2,PF04408.26
XP_034423163.1,HA2,PF04408.26
XP_034423834.1,HA2,PF04408.26
XP_034424322.1,HABP4_PAI-RBP1,PF04774.18
XP_034420585.1,HAND,PF09110.14
XP_034422806.1,Haspin_kinase,PF12330.11
XP_034422539.1,Haspin_kinase,PF12330.11
XP_034423958.1,Haspin_kinase,PF12330.11
XP_034423666.1,Haspin_kinase,PF12330.11
XP_034420929.1,Hat1_N,PF10394.12
XP_034421027.1,HATPase_c,PF02518.29
XP_034424367.1,HATPase_c,PF02518.29
XP_034421913.1,HATPase_c,PF02518.29
XP_034424197.1,HATPase_c,PF02518.29
XP_034423231.1,HATPase_c,PF02518.29
XP_034422620.1,HATPase_c,PF02518.29
XP_034421649.1,HATPase_c,PF02518.29
XP_034421652.1,HATPase_c,PF02518.29
XP_034419830.1,HATPase_c,PF02518.29
XP_034421637.1,HECT,PF00632.28
XP_034420791.1,HECT,PF00632.28
XP_034420993.1,HECT,PF00632.28
XP_034420390.1,hEGF,PF12661.10
XP_034424092.1,Helicase_C,PF00271.34
XP_034423099.1,Helicase_C,PF00271.34
XP_034423250.1,Helicase_C,PF00271.34
XP_034424243.1,Helicase_C,PF00271.34
XP_034423475.1,Helicase_C,PF00271.34
XP_034422855.1,Helicase_C,PF00271.34
XP_034423010.1,Helicase_C,PF00271.34
XP_034420472.1,Helicase_C,PF00271.34
XP_034420034.1,Helicase_C,PF00271.34
XP_034423632.1,Helicase_C,PF00271.34
XP_034419952.1,Helicase_C,PF00271.34
XP_034422504.1,Helicase_C,PF00271.34
XP_034422292.1,Helicase_C,PF00271.34
XP_034424471.1,Helicase_C,PF00271.34
XP_034422249.1,Helicase_C,PF00271.34
XP_034421167.1,Helicase_C,PF00271.34
XP_034422042.1,Helicase_C,PF00271.34
XP_034422247.1,Helicase_C,PF00271.34
XP_034420853.1,Helicase_C,PF00271.34
XP_034420298.1,Helicase_C,PF00271.34
XP_034420511.1,Helicase_C,PF00271.34
XP_034420322.1,Helicase_C,PF00271.34
XP_034421947.1,Helicase_C,PF00271.34
XP_034423379.1,Helicase_C,PF00271.34
XP_034422847.1,Helicase_C,PF00271.34
XP_034423040.1,Helicase_C,PF00271.34
XP_034423243.1,Helicase_C,PF00271.34
XP_034422913.1,Helicase_C,PF00271.34
XP_034420688.1,Helicase_C,PF00271.34
XP_034420783.1,Helicase_C,PF00271.34
XP_034421755.1,Helicase_C,PF00271.34
XP_034422040.1,Helicase_C,PF00271.34
XP_034420010.1,Helicase_C,PF00271.34
XP_034421779.1,Helicase_C,PF00271.34
XP_034421827.1,Helicase_C,PF00271.34
XP_034423183.1,Helicase_C,PF00271.34
XP_034422442.1,Helicase_C,PF00271.34
XP_034423880.1,Helicase_C,PF00271.34
XP_034422946.1,Helicase_C,PF00271.34
XP_034424464.1,Helicase_C,PF00271.34
XP_034421003.1,Helicase_C,PF00271.34
XP_034421158.1,Helicase_C,PF00271.34
XP_034420840.1,Helicase_C,PF00271.34
XP_034420866.1,Helicase_C,PF00271.34
XP_034419821.1,Helicase_C,PF00271.34
XP_034424379.1,Helicase_C,PF00271.34
XP_034420382.1,Helicase_C,PF00271.34
XP_034420446.1,Helicase_C,PF00271.34
XP_034422545.1,Helicase_C,PF00271.34
XP_034422608.1,Helicase_C,PF00271.34
XP_034422433.1,Helicase_C,PF00271.34
XP_034423834.1,Helicase_C,PF00271.34
XP_034424287.1,Helicase_C,PF00271.34
XP_034420470.1,Helicase_C,PF00271.34
XP_034423941.1,Helicase_C,PF00271.34
XP_034423721.1,Helicase_C,PF00271.34
XP_034421082.1,Helicase_C,PF00271.34
XP_034423617.1,Helicase_C,PF00271.34
XP_034420628.1,Helicase_C,PF00271.34
XP_034419609.1,Helicase_C,PF00271.34
XP_034421990.1,Helicase_C,PF00271.34
XP_034421704.1,Helicase_C,PF00271.34
XP_034424154.1,Helicase_C,PF00271.34
XP_034422711.1,Helicase_C,PF00271.34
XP_034420290.1,Helicase_RecD,PF05127.17
XP_034421754.1,Helicase_RecD,PF05127.17
XP_034423643.1,Helicase_RecD,PF05127.17
XP_034424287.1,Helicase_RecD,PF05127.17
XP_034420472.1,Helicase_RecD,PF05127.17
XP_034422715.1,Helicase_RecD,PF05127.17
XP_034421158.1,Helicase_RecD,PF05127.17
XP_034423475.1,Helicase_RecD,PF05127.17
XP_034422973.1,HhH-GPD,PF00730.28
XP_034421538.1,HhH-GPD,PF00730.28
XP_034421153.1,HhH-GPD,PF00730.28
XP_034420885.1,HHH_5,PF14520.9
XP_034421747.1,HHH_5,PF14520.9
XP_034422973.1,HHH_5,PF14520.9
XP_034422159.1,HHH_7,PF14635.9
XP_034424259.1,Hira,PF07569.14
XP_034424217.1,Hira,PF07569.14
XP_034421237.1,Hist_deacetyl,PF00850.22
XP_034422740.1,Hist_deacetyl,PF00850.22
XP_034423510.1,Hist_deacetyl,PF00850.22
XP_034422271.1,Hist_deacetyl,PF00850.22
XP_034422641.1,HJURP_C,PF12347.11
XP_034420519.1,HMG_box,PF00505.22
XP_034420874.1,HMG_box,PF00505.22
XP_034422562.1,HMG_box,PF00505.22
XP_034420546.1,HMG_box,PF00505.22
XP_034423404.1,HMG_box,PF00505.22
XP_034420519.1,HMG_box_2,PF09011.13
XP_034420874.1,HMG_box_2,PF09011.13
XP_034422562.1,HMG_box_2,PF09011.13
XP_034420546.1,HMG_box_2,PF09011.13
XP_034422433.1,HR1,PF02185.19
XP_034420853.1,HSA,PF07529.16
XP_034421495.1,HSP70,PF00012.23
XP_034420864.1,HSP70,PF00012.23
XP_034421161.1,HSP70,PF00012.23
XP_034422871.1,HSP70,PF00012.23
XP_034423728.1,HSP70,PF00012.23
XP_034419749.1,HSP70,PF00012.23
XP_034423273.1,HUN,PF08729.13
XP_034420259.1,ING,PF12998.10
XP_034421719.1,IQ,PF00612.30
XP_034424180.1,IQ,PF00612.30
XP_034423598.1,IQ,PF00612.30
XP_034421436.1,IQ,PF00612.30
XP_034422000.1,IQ,PF00612.30
XP_034421731.1,IQ,PF00612.30
XP_034422645.1,JAB,PF01398.24
XP_034421110.1,JAB,PF01398.24
XP_034421165.1,JAB,PF01398.24
XP_034420323.1,JAB,PF01398.24
XP_034421442.1,JAB,PF01398.24
XP_034422328.1,JmjC,PF02373.25
XP_034421611.1,JmjC_2,PF08007.15
XP_034419616.1,JmjC_2,PF08007.15
XP_034423132.1,JmjN,PF02375.20
XP_034420272.1,JmjN,PF02375.20
XP_034423724.1,Kelch_1,PF01344.28
XP_034420723.1,Kelch_1,PF01344.28
XP_034423390.1,Kelch_1,PF01344.28
XP_034423451.1,Kelch_1,PF01344.28
XP_034421575.1,Kelch_1,PF01344.28
XP_034421576.1,Kelch_1,PF01344.28
XP_034420309.1,Kelch_1,PF01344.28
XP_034420542.1,Kelch_1,PF01344.28
XP_034420269.1,Kelch_1,PF01344.28
XP_034424116.1,Kelch_1,PF01344.28
XP_034421604.1,Kelch_1,PF01344.28
XP_034423470.1,Kelch_1,PF01344.28
XP_034420592.1,Kelch_1,PF01344.28
XP_034424116.1,Kelch_3,PF13415.9
XP_034423451.1,Kelch_3,PF13415.9
XP_034420309.1,Kelch_3,PF13415.9
XP_034421575.1,Kelch_3,PF13415.9
XP_034421576.1,Kelch_3,PF13415.9
XP_034423390.1,Kelch_3,PF13415.9
XP_034423724.1,Kelch_3,PF13415.9
XP_034420723.1,Kelch_3,PF13415.9
XP_034420542.1,Kelch_3,PF13415.9
XP_034421604.1,Kelch_3,PF13415.9
XP_034420269.1,Kelch_3,PF13415.9
XP_034420592.1,Kelch_3,PF13415.9
XP_034423451.1,Kelch_5,PF13854.9
XP_034421575.1,Kelch_5,PF13854.9
XP_034420309.1,Kelch_5,PF13854.9
XP_034423470.1,Kelch_5,PF13854.9
XP_034421576.1,Kelch_5,PF13854.9
XP_034424116.1,Kelch_5,PF13854.9
XP_034420269.1,Kelch_5,PF13854.9
XP_034420542.1,Kelch_5,PF13854.9
XP_034423390.1,Kelch_5,PF13854.9
XP_034420592.1,Kelch_5,PF13854.9
XP_034423724.1,Kelch_5,PF13854.9
XP_034420723.1,Kelch_5,PF13854.9
XP_034421604.1,Kelch_5,PF13854.9
XP_034421089.1,Kelch_5,PF13854.9
XP_034419638.1,KH_1,PF00013.32
XP_034422073.1,KH_1,PF00013.32
XP_034422780.1,KH_1,PF00013.32
XP_034422432.1,KH_1,PF00013.32
XP_034423481.1,KH_1,PF00013.32
XP_034422767.1,KH_1,PF00013.32
XP_034421095.1,Kringle,PF00051.21
XP_034424169.1,Laminin_G_2,PF02210.27
XP_034423160.1,Laminin_G_2,PF02210.27
XP_034422755.1,LIM,PF00412.25
XP_034420194.1,LIM,PF00412.25
XP_034420624.1,Linker_histone,PF00538.22
XP_034420449.1,Linker_histone,PF00538.22
XP_034419938.1,Linker_histone,PF00538.22
XP_034420407.1,LRR_1,PF00560.36
XP_034422297.1,LRR_1,PF00560.36
XP_034421966.1,LRR_1,PF00560.36
XP_034421601.1,LRR_1,PF00560.36
XP_034420827.1,LRR_1,PF00560.36
XP_034423472.1,LRR_1,PF00560.36
XP_034421377.1,LRR_1,PF00560.36
XP_034419705.1,LRR_1,PF00560.36
XP_034422662.1,LRR_1,PF00560.36
XP_034421924.1,LRR_4,PF12799.10
XP_034420407.1,LRR_4,PF12799.10
XP_034420827.1,LRR_4,PF12799.10
XP_034422297.1,LRR_4,PF12799.10
XP_034423310.1,LRR_4,PF12799.10
XP_034421283.1,LRR_4,PF12799.10
XP_034422662.1,LRR_4,PF12799.10
XP_034421966.1,LRR_4,PF12799.10
XP_034421377.1,LRR_4,PF12799.10
XP_034423762.1,LRR_4,PF12799.10
XP_034419705.1,LRR_4,PF12799.10
XP_034424252.1,LRR_4,PF12799.10
XP_034421601.1,LRR_4,PF12799.10
XP_034423472.1,LRR_4,PF12799.10
XP_034424452.1,LRR_4,PF12799.10
XP_034421022.1,LRR_4,PF12799.10
XP_034422199.1,LRR_4,PF12799.10
XP_034420407.1,LRR_6,PF13516.9
XP_034424452.1,LRR_6,PF13516.9
XP_034421966.1,LRR_6,PF13516.9
XP_034419705.1,LRR_6,PF13516.9
XP_034422199.1,LRR_6,PF13516.9
XP_034423762.1,LRR_6,PF13516.9
XP_034421377.1,LRR_6,PF13516.9
XP_034420453.1,LRR_6,PF13516.9
XP_034420827.1,LRR_6,PF13516.9
XP_034423310.1,LRR_6,PF13516.9
XP_034422297.1,LRR_6,PF13516.9
XP_034421601.1,LRR_6,PF13516.9
XP_034422852.1,LRR_6,PF13516.9
XP_034424347.1,LRR_6,PF13516.9
XP_034422662.1,LRR_6,PF13516.9
XP_034420407.1,LRR_8,PF13855.9
XP_034421924.1,LRR_8,PF13855.9
XP_034423310.1,LRR_8,PF13855.9
XP_034422297.1,LRR_8,PF13855.9
XP_034422662.1,LRR_8,PF13855.9
XP_034423762.1,LRR_8,PF13855.9
XP_034420827.1,LRR_8,PF13855.9
XP_034421377.1,LRR_8,PF13855.9
XP_034419705.1,LRR_8,PF13855.9
XP_034421966.1,LRR_8,PF13855.9
XP_034421283.1,LRR_8,PF13855.9
XP_034424252.1,LRR_8,PF13855.9
XP_034423472.1,LRR_8,PF13855.9
XP_034421601.1,LRR_8,PF13855.9
XP_034423217.1,LRR_8,PF13855.9
XP_034420100.1,LRR_8,PF13855.9
XP_034422199.1,LRR_8,PF13855.9
XP_034422662.1,LRR_9,PF14580.9
XP_034420407.1,LRR_9,PF14580.9
XP_034423762.1,LRR_9,PF14580.9
XP_034421966.1,LRR_9,PF14580.9
XP_034420827.1,LRR_9,PF14580.9
XP_034422297.1,LRR_9,PF14580.9
XP_034421924.1,LRR_9,PF14580.9
XP_034423472.1,LRR_9,PF14580.9
XP_034424252.1,LRR_9,PF14580.9
XP_034421283.1,LRR_9,PF14580.9
XP_034423310.1,LRR_9,PF14580.9
XP_034421377.1,LRR_9,PF14580.9
XP_034424330.1,Mad3_BUB1_I,PF08311.15
XP_034422410.1,Mad3_BUB1_I,PF08311.15
XP_034420498.1,Mad3_BUB1_I,PF08311.15
XP_034424516.1,Mad3_BUB1_I,PF08311.15
XP_034420491.1,Mad3_BUB1_I,PF08311.15
XP_034424510.1,Mad3_BUB1_I,PF08311.15
XP_034420727.1,Mago_nashi,PF02792.17
XP_034423494.1,Menin,PF05053.16
XP_034420466.1,Menin,PF05053.16
XP_034422082.1,Metallophos,PF00149.31
XP_034421257.1,Metallophos,PF00149.31
XP_034422952.1,Metallophos,PF00149.31
XP_034421234.1,Metallophos,PF00149.31
XP_034420180.1,Metallophos,PF00149.31
XP_034423451.1,Metallophos,PF00149.31
XP_034422526.1,Metallophos,PF00149.31
XP_034422000.1,Metallophos,PF00149.31
XP_034423480.1,Metallophos,PF00149.31
XP_034420265.1,Metallophos,PF00149.31
XP_034423697.1,Metallophos,PF00149.31
XP_034420548.1,Metallophos,PF00149.31
XP_034419782.1,Metallophos,PF00149.31
XP_034421162.1,Metallophos,PF00149.31
XP_034423436.1,Metallophos,PF00149.31
XP_034422154.1,Metallophos,PF00149.31
XP_034422107.1,Methyltransf_10,PF05971.15
XP_034419911.1,Methyltransf_11,PF08241.15
XP_034423341.1,Methyltransf_11,PF08241.15
XP_034420362.1,Methyltransf_11,PF08241.15
XP_034421847.1,Methyltransf_11,PF08241.15
XP_034421983.1,Methyltransf_11,PF08241.15
XP_034423045.1,Methyltransf_11,PF08241.15
XP_034420718.1,Methyltransf_11,PF08241.15
XP_034421148.1,Methyltransf_11,PF08241.15
XP_034422068.1,Methyltransf_11,PF08241.15
XP_034420997.1,Methyltransf_11,PF08241.15
XP_034424437.1,Methyltransf_11,PF08241.15
XP_034421232.1,Methyltransf_11,PF08241.15
XP_034421384.1,Methyltransf_11,PF08241.15
XP_034423964.1,Methyltransf_11,PF08241.15
XP_034424083.1,Methyltransf_11,PF08241.15
XP_034420474.1,Methyltransf_11,PF08241.15
XP_034421497.1,Methyltransf_11,PF08241.15
XP_034424455.1,Methyltransf_11,PF08241.15
XP_034421921.1,Methyltransf_11,PF08241.15
XP_034421561.1,Methyltransf_11,PF08241.15
XP_034420515.1,Methyltransf_11,PF08241.15
XP_034421414.1,Methyltransf_16,PF10294.12
XP_034420304.1,Methyltransf_16,PF10294.12
XP_034421497.1,Methyltransf_16,PF10294.12
XP_034421148.1,Methyltransf_31,PF13847.9
XP_034423341.1,Methyltransf_31,PF13847.9
XP_034421497.1,Methyltransf_31,PF13847.9
XP_034419911.1,Methyltransf_31,PF13847.9
XP_034423964.1,Methyltransf_31,PF13847.9
XP_034420997.1,Methyltransf_31,PF13847.9
XP_034422068.1,Methyltransf_31,PF13847.9
XP_034421384.1,Methyltransf_31,PF13847.9
XP_034424277.1,Methyltransf_31,PF13847.9
XP_034423838.1,Methyltransf_31,PF13847.9
XP_034424083.1,Methyltransf_31,PF13847.9
XP_034421983.1,Methyltransf_31,PF13847.9
XP_034420718.1,Methyltransf_31,PF13847.9
XP_034421921.1,Methyltransf_31,PF13847.9
XP_034421847.1,Methyltransf_31,PF13847.9
XP_034421869.1,Methyltransf_31,PF13847.9
XP_034421544.1,Methyltransf_31,PF13847.9
XP_034423045.1,Methyltransf_31,PF13847.9
XP_034424437.1,Methyltransf_31,PF13847.9
XP_034422577.1,Methyltransf_31,PF13847.9
XP_034420304.1,Methyltransf_31,PF13847.9
XP_034420474.1,Methyltransf_31,PF13847.9
XP_034421561.1,Methyltransf_31,PF13847.9
XP_034423903.1,Methyltransf_31,PF13847.9
XP_034420362.1,Methyltransf_31,PF13847.9
XP_034423870.1,Methyltransf_31,PF13847.9
XP_034421539.1,Methyltransf_31,PF13847.9
XP_034420345.1,Methyltransf_31,PF13847.9
XP_034423189.1,Methyltransf_31,PF13847.9
XP_034421232.1,Methyltransf_8,PF05148.18
XP_034419911.1,Methyltransf_8,PF05148.18
XP_034421539.1,Methyltr_RsmB-F,PF01189.20
XP_034420989.1,Methyltr_RsmB-F,PF01189.20
XP_034424277.1,Methyltr_RsmB-F,PF01189.20
XP_034421717.1,Methyltr_RsmB-F,PF01189.20
XP_034420287.1,Methyltr_RsmB-F,PF01189.20
XP_034422150.1,Methyltr_RsmB-F,PF01189.20
XP_034423964.1,Methyltr_RsmB-F,PF01189.20
XP_034424319.1,MMS1_N,PF10433.12
XP_034420393.1,MORN,PF02493.23
XP_034423403.1,MORN,PF02493.23
XP_034422766.1,MORN,PF02493.23
XP_034422316.1,MORN,PF02493.23
XP_034419913.1,MORN,PF02493.23
XP_034423872.1,MORN,PF02493.23
XP_034421981.1,MORN,PF02493.23
XP_034421537.1,MORN,PF02493.23
XP_034422350.1,MORN,PF02493.23
XP_034421240.1,MORN,PF02493.23
XP_034421753.1,MORN,PF02493.23
XP_034422103.1,MORN,PF02493.23
XP_034419969.1,MORN,PF02493.23
XP_034421645.1,MOZ_SAS,PF01853.21
XP_034420940.1,MRG,PF05712.16
XP_034420359.1,Mst1_SARAH,PF11629.11
XP_034419862.1,MT-A70,PF05063.17
XP_034424326.1,MT-A70,PF05063.17
XP_034422260.1,MutS_I,PF01624.23
XP_034422167.1,MutS_I,PF01624.23
XP_034422260.1,MutS_II,PF05188.20
XP_034421970.1,MutS_II,PF05188.20
XP_034421013.1,MutS_II,PF05188.20
XP_034422260.1,MutS_III,PF05192.21
XP_034421970.1,MutS_III,PF05192.21
XP_034421013.1,MutS_III,PF05192.21
XP_034422260.1,MutS_IV,PF05190.21
XP_034421970.1,MutS_IV,PF05190.21
XP_034422548.1,MutS_IV,PF05190.21
XP_034424448.1,MutS_IV,PF05190.21
XP_034421013.1,MutS_V,PF00488.24
XP_034421970.1,MutS_V,PF00488.24
XP_034422260.1,MutS_V,PF00488.24
XP_034422167.1,MutS_V,PF00488.24
XP_034420415.1,Myb_DNA-binding,PF00249.34
XP_034424150.1,Myb_DNA-binding,PF00249.34
XP_034422808.1,Myb_DNA-binding,PF00249.34
XP_034423965.1,Myb_DNA-binding,PF00249.34
XP_034424225.1,Myb_DNA-binding,PF00249.34
XP_034421229.1,Myb_DNA-binding,PF00249.34
XP_034421603.1,Myb_DNA-binding,PF00249.34
XP_034421285.1,Myb_DNA-binding,PF00249.34
XP_034420322.1,Myb_DNA-binding,PF00249.34
XP_034422480.1,Myb_DNA-binding,PF00249.34
XP_034420546.1,Myb_DNA-binding,PF00249.34
XP_034423598.1,Myosin_head,PF00063.24
XP_034423714.1,Myosin_head,PF00063.24
XP_034422242.1,Myosin_head,PF00063.24
XP_034421436.1,Myosin_head,PF00063.24
XP_034424269.1,Myosin_head,PF00063.24
XP_034419723.1,Myosin_head,PF00063.24
XP_034423336.1,NAD_binding_2,PF03446.18
XP_034422549.1,NAD_binding_2,PF03446.18
XP_034421064.1,NAGidase,PF07555.16
XP_034420527.1,NAP,PF00956.21
XP_034421171.1,NAP,PF00956.21
XP_034423694.1,Noc2,PF03715.16
XP_034422748.1,Nop,PF01798.21
XP_034421646.1,Nop,PF01798.21
XP_034421867.1,Nop,PF01798.21
XP_034424063.1,Nop,PF01798.21
XP_034419625.1,Nop,PF01798.21
XP_034424334.1,Nop,PF01798.21
XP_034422614.1,NSRP1_N,PF09745.12
XP_034424102.1,NuA4,PF09340.13
XP_034423613.1,NuA4,PF09340.13
XP_034420891.1,NuA4,PF09340.13
XP_034419618.1,Nucleoplasmin,PF03066.18
XP_034420382.1,OB_NTP_bind,PF07717.19
XP_034421158.1,OB_NTP_bind,PF07717.19
XP_034420840.1,OB_NTP_bind,PF07717.19
XP_034422608.1,OB_NTP_bind,PF07717.19
XP_034424287.1,OB_NTP_bind,PF07717.19
XP_034423163.1,OB_NTP_bind,PF07717.19
XP_034423834.1,OB_NTP_bind,PF07717.19
XP_034422507.1,OCRE,PF17780.4
XP_034423180.1,OST-HTH,PF12872.10
XP_034422359.1,OST-HTH,PF12872.10
XP_034419662.1,OST-HTH,PF12872.10
XP_034424216.1,PABP,PF00658.21
XP_034421286.1,PAD_M,PF08527.13
XP_034424242.1,PAH,PF02671.24
XP_034423004.1,PARP,PF00644.23
XP_034420085.1,PARP_reg,PF02877.17
XP_034422585.1,PCNA_C,PF02747.18
XP_034424238.1,PCNA_C,PF02747.18
XP_034422585.1,PCNA_N,PF00705.21
XP_034424238.1,PCNA_N,PF00705.21
XP_034423393.1,Peptidase_C12,PF01088.24
XP_034421659.1,Peptidase_C12,PF01088.24
XP_034424310.1,Peptidase_C48,PF02902.22
XP_034422815.1,Peptidase_M24,PF00557.27
XP_034423095.1,Peptidase_M24,PF00557.27
XP_034421902.1,Peptidase_M24,PF00557.27
XP_034423333.1,Peptidase_M24,PF00557.27
XP_034422940.1,Peptidase_M24,PF00557.27
XP_034422999.1,Peptidase_M24,PF00557.27
XP_034421962.1,Peptidase_M24,PF00557.27
XP_034423676.1,PGC7_Stella,PF15549.9
XP_034422442.1,PHD,PF00628.32
XP_034422741.1,PHD,PF00628.32
XP_034421423.1,PHD,PF00628.32
XP_034422492.1,PHD,PF00628.32
XP_034420601.1,PHD,PF00628.32
XP_034420140.1,PHD,PF00628.32
XP_034424186.1,PHD,PF00628.32
XP_034423768.1,PHD,PF00628.32
XP_034420454.1,PHD,PF00628.32
XP_034419759.1,PHD,PF00628.32
XP_034424365.1,PHD,PF00628.32
XP_034422575.1,PHD,PF00628.32
XP_034420364.1,PHD,PF00628.32
XP_034421286.1,PHD,PF00628.32
XP_034422498.1,PHD,PF00628.32
XP_034422647.1,PHD,PF00628.32
XP_034420140.1,PHD_2,PF13831.9
XP_034422442.1,PHD_2,PF13831.9
XP_034421914.1,PHD_2,PF13831.9
XP_034424365.1,PHD_2,PF13831.9
XP_034420150.1,PI3_PI4_kinase,PF00454.30
XP_034422356.1,PI3_PI4_kinase,PF00454.30
XP_034422303.1,PI3_PI4_kinase,PF00454.30
XP_034420365.1,PID,PF00640.26
XP_034422463.1,PK,PF00224.24
XP_034420441.1,PK,PF00224.24
XP_034422539.1,Pkinase,PF00069.28
XP_034423672.1,Pkinase,PF00069.28
XP_034420025.1,Pkinase,PF00069.28
XP_034424427.1,Pkinase,PF00069.28
XP_034421997.1,Pkinase,PF00069.28
XP_034424361.1,Pkinase,PF00069.28
XP_034421602.1,Pkinase,PF00069.28
XP_034420652.1,Pkinase,PF00069.28
XP_034421932.1,Pkinase,PF00069.28
XP_034420139.1,Pkinase,PF00069.28
XP_034423332.1,Pkinase,PF00069.28
XP_034423958.1,Pkinase,PF00069.28
XP_034422806.1,Pkinase,PF00069.28
XP_034420943.1,Pkinase,PF00069.28
XP_034421738.1,Pkinase,PF00069.28
XP_034423081.1,Pkinase,PF00069.28
XP_034420131.1,Pkinase,PF00069.28
XP_034419640.1,Pkinase,PF00069.28
XP_034423666.1,Pkinase,PF00069.28
XP_034421688.1,Pkinase,PF00069.28
XP_034421330.1,Pkinase,PF00069.28
XP_034420667.1,Pkinase,PF00069.28
XP_034420161.1,Pkinase,PF00069.28
XP_034421605.1,Pkinase,PF00069.28
XP_034421882.1,Pkinase,PF00069.28
XP_034420918.1,Pkinase,PF00069.28
XP_034423289.1,Pkinase,PF00069.28
XP_034424254.1,Pkinase,PF00069.28
XP_034422538.1,Pkinase,PF00069.28
XP_034423205.1,Pkinase,PF00069.28
XP_034423967.1,Pkinase,PF00069.28
XP_034420842.1,Pkinase,PF00069.28
XP_034422966.1,Pkinase,PF00069.28
XP_034421680.1,Pkinase,PF00069.28
XP_034421614.1,Pkinase,PF00069.28
XP_034423245.1,Pkinase,PF00069.28
XP_034424432.1,Pkinase,PF00069.28
XP_034419986.1,Pkinase,PF00069.28
XP_034423237.1,Pkinase,PF00069.28
XP_034422980.1,Pkinase,PF00069.28
XP_034419969.1,Pkinase,PF00069.28
XP_034421361.1,Pkinase,PF00069.28
XP_034420507.1,Pkinase,PF00069.28
XP_034422434.1,Pkinase,PF00069.28
XP_034423777.1,Pkinase,PF00069.28
XP_034421772.1,Pkinase,PF00069.28
XP_034424038.1,Pkinase,PF00069.28
XP_034421241.1,Pkinase,PF00069.28
XP_034421389.1,Pkinase,PF00069.28
XP_034419997.1,Pkinase,PF00069.28
XP_034421050.1,Pkinase,PF00069.28
XP_034423222.1,Pkinase,PF00069.28
XP_034419784.1,Pkinase,PF00069.28
XP_034420068.1,Pkinase,PF00069.28
XP_034420151.1,Pkinase,PF00069.28
XP_034421620.1,Pkinase,PF00069.28
XP_034420992.1,Pkinase,PF00069.28
XP_034423683.1,Pkinase,PF00069.28
XP_034421472.1,Pkinase,PF00069.28
XP_034422476.1,Pkinase,PF00069.28
XP_034421240.1,Pkinase,PF00069.28
XP_034421269.1,Pkinase,PF00069.28
XP_034423168.1,Pkinase,PF00069.28
XP_034422849.1,Pkinase,PF00069.28
XP_034421753.1,Pkinase,PF00069.28
XP_034422928.1,Pkinase,PF00069.28
XP_034420715.1,Pkinase,PF00069.28
XP_034421026.1,Pkinase,PF00069.28
XP_034423616.1,Pkinase,PF00069.28
XP_034422241.1,Pkinase,PF00069.28
XP_034424427.1,Pkinase_C,PF00433.27
XP_034422463.1,PK_C,PF02887.19
XP_034420441.1,PK_C,PF02887.19
XP_034422966.1,PK_Tyr_Ser-Thr,PF07714.20
XP_034423777.1,PK_Tyr_Ser-Thr,PF07714.20
XP_034419969.1,PK_Tyr_Ser-Thr,PF07714.20
XP_034423081.1,PK_Tyr_Ser-Thr,PF07714.20
XP_034423958.1,PK_Tyr_Ser-Thr,PF07714.20
XP_034420025.1,PK_Tyr_Ser-Thr,PF07714.20
XP_034420667.1,PK_Tyr_Ser-Thr,PF07714.20
XP_034423672.1,PK_Tyr_Ser-Thr,PF07714.20
XP_034423332.1,PK_Tyr_Ser-Thr,PF07714.20
XP_034421997.1,PK_Tyr_Ser-Thr,PF07714.20
XP_034422434.1,PK_Tyr_Ser-Thr,PF07714.20
XP_034420652.1,PK_Tyr_Ser-Thr,PF07714.20
XP_034420131.1,PK_Tyr_Ser-Thr,PF07714.20
XP_034421602.1,PK_Tyr_Ser-Thr,PF07714.20
XP_034424427.1,PK_Tyr_Ser-Thr,PF07714.20
XP_034423289.1,PK_Tyr_Ser-Thr,PF07714.20
XP_034419640.1,PK_Tyr_Ser-Thr,PF07714.20
XP_034420139.1,PK_Tyr_Ser-Thr,PF07714.20
XP_034421605.1,PK_Tyr_Ser-Thr,PF07714.20
XP_034422538.1,PK_Tyr_Ser-Thr,PF07714.20
XP_034421330.1,PK_Tyr_Ser-Thr,PF07714.20
XP_034424361.1,PK_Tyr_Ser-Thr,PF07714.20
XP_034421932.1,PK_Tyr_Ser-Thr,PF07714.20
XP_034424254.1,PK_Tyr_Ser-Thr,PF07714.20
XP_034420943.1,PK_Tyr_Ser-Thr,PF07714.20
XP_034422539.1,PK_Tyr_Ser-Thr,PF07714.20
XP_034422806.1,PK_Tyr_Ser-Thr,PF07714.20
XP_034421620.1,PK_Tyr_Ser-Thr,PF07714.20
XP_034420918.1,PK_Tyr_Ser-Thr,PF07714.20
XP_034421882.1,PK_Tyr_Ser-Thr,PF07714.20
XP_034421614.1,PK_Tyr_Ser-Thr,PF07714.20
XP_034424432.1,PK_Tyr_Ser-Thr,PF07714.20
XP_034423666.1,PK_Tyr_Ser-Thr,PF07714.20
XP_034420507.1,PK_Tyr_Ser-Thr,PF07714.20
XP_034420161.1,PK_Tyr_Ser-Thr,PF07714.20
XP_034421241.1,PK_Tyr_Ser-Thr,PF07714.20
XP_034421240.1,PK_Tyr_Ser-Thr,PF07714.20
XP_034421688.1,PK_Tyr_Ser-Thr,PF07714.20
XP_034421753.1,PK_Tyr_Ser-Thr,PF07714.20
XP_034423237.1,PK_Tyr_Ser-Thr,PF07714.20
XP_034423205.1,PK_Tyr_Ser-Thr,PF07714.20
XP_034423967.1,PK_Tyr_Ser-Thr,PF07714.20
XP_034421680.1,PK_Tyr_Ser-Thr,PF07714.20
XP_034423245.1,PK_Tyr_Ser-Thr,PF07714.20
XP_034419997.1,PK_Tyr_Ser-Thr,PF07714.20
XP_034419784.1,PK_Tyr_Ser-Thr,PF07714.20
XP_034421738.1,PK_Tyr_Ser-Thr,PF07714.20
XP_034421050.1,PK_Tyr_Ser-Thr,PF07714.20
XP_034419986.1,PK_Tyr_Ser-Thr,PF07714.20
XP_034421361.1,PK_Tyr_Ser-Thr,PF07714.20
XP_034422980.1,PK_Tyr_Ser-Thr,PF07714.20
XP_034421389.1,PK_Tyr_Ser-Thr,PF07714.20
XP_034424038.1,PK_Tyr_Ser-Thr,PF07714.20
XP_034421772.1,PK_Tyr_Ser-Thr,PF07714.20
XP_034420992.1,PK_Tyr_Ser-Thr,PF07714.20
XP_034421243.1,PK_Tyr_Ser-Thr,PF07714.20
XP_034420842.1,PK_Tyr_Ser-Thr,PF07714.20
XP_034421472.1,PK_Tyr_Ser-Thr,PF07714.20
XP_034420068.1,PK_Tyr_Ser-Thr,PF07714.20
XP_034423222.1,PK_Tyr_Ser-Thr,PF07714.20
XP_034423683.1,PK_Tyr_Ser-Thr,PF07714.20
XP_034423616.1,PK_Tyr_Ser-Thr,PF07714.20
XP_034420715.1,PK_Tyr_Ser-Thr,PF07714.20
XP_034422849.1,PK_Tyr_Ser-Thr,PF07714.20
XP_034424016.1,PK_Tyr_Ser-Thr,PF07714.20
XP_034424484.1,PLU-1,PF08429.14
XP_034424148.1,PLU-1,PF08429.14
XP_034421453.1,PP2C,PF00481.24
XP_034421877.1,PP2C,PF00481.24
XP_034423339.1,PP2C,PF00481.24
XP_034424449.1,PP2C,PF00481.24
XP_034423026.1,PP2C,PF00481.24
XP_034424095.1,PP2C,PF00481.24
XP_034423899.1,PP2C,PF00481.24
XP_034424093.1,PP2C,PF00481.24
XP_034421485.1,PP2C,PF00481.24
XP_034422984.1,PP2C,PF00481.24
XP_034420775.1,Pre-SET,PF05033.19
XP_034421983.1,PrmA,PF06325.16
XP_034421497.1,PrmA,PF06325.16
XP_034424083.1,PrmA,PF06325.16
XP_034421148.1,PrmA,PF06325.16
XP_034422068.1,PrmA,PF06325.16
XP_034421921.1,PrmA,PF06325.16
XP_034423838.1,PrmA,PF06325.16
XP_034422577.1,PRMT5,PF05185.19
XP_034421847.1,PRMT5,PF05185.19
XP_034421983.1,PRMT5,PF05185.19
XP_034423838.1,PRMT5,PF05185.19
XP_034421867.1,Prp31_C,PF09785.12
XP_034423426.1,Prp31_C,PF09785.12
XP_034420041.1,PseudoU_synth_2,PF00849.25
XP_034423038.1,PseudoU_synth_2,PF00849.25
XP_034424250.1,PseudoU_synth_2,PF00849.25
XP_034421122.1,PseudoU_synth_2,PF00849.25
XP_034422318.1,PseudoU_synth_2,PF00849.25
XP_034424256.1,PseudoU_synth_2,PF00849.25
XP_034421137.1,PseudoU_synth_2,PF00849.25
XP_034420042.1,PTCB-BRCT,PF12738.10
XP_034421210.1,PTCB-BRCT,PF12738.10
XP_034420148.1,PWI,PF01480.20
XP_034419687.1,PWI,PF01480.20
XP_034422427.1,PWI,PF01480.20
XP_034420064.1,PWI,PF01480.20
XP_034419717.1,PWWP,PF00855.20
XP_034420385.1,PWWP,PF00855.20
XP_034424185.1,PWWP,PF00855.20
XP_034421426.1,Qua1,PF16274.8
XP_034422743.1,Qua1,PF16274.8
XP_034420885.1,Rad51,PF08423.14
XP_034421747.1,Rad51,PF08423.14
XP_034420958.1,Rad51,PF08423.14
XP_034420531.1,Rad51,PF08423.14
XP_034421438.1,Rad51,PF08423.14
XP_034423071.1,Radical_SAM,PF04055.24
XP_034422418.1,Radical_SAM,PF04055.24
XP_034422152.1,Radical_SAM,PF04055.24
XP_034423731.1,Radical_SAM,PF04055.24
XP_034424249.1,Radical_SAM,PF04055.24
XP_034423451.1,RAG2,PF03089.17
XP_034421575.1,RAG2,PF03089.17
XP_034422090.1,RBB1NT,PF08169.14
XP_034422276.1,RB_A,PF01858.20
XP_034422290.1,RCC1,PF00415.21
XP_034421464.1,RCC1,PF00415.21
XP_034422536.1,RCC1,PF00415.21
XP_034421484.1,RCC1,PF00415.21
XP_034422899.1,RCC1,PF00415.21
XP_034420951.1,RCC1,PF00415.21
XP_034424180.1,RCC1,PF00415.21
XP_034421807.1,RCC1,PF00415.21
XP_034421180.1,RCC1,PF00415.21
XP_034421289.1,RCC1,PF00415.21
XP_034421406.1,RCC1,PF00415.21
XP_034422688.1,RFX_DNA_binding,PF02257.18
XP_034420111.1,Ribosomal_L7Ae,PF01248.29
XP_034421594.1,Ribosomal_L7Ae,PF01248.29
XP_034420277.1,Ribosomal_L7Ae,PF01248.29
XP_034421993.1,Ribosomal_L7Ae,PF01248.29
XP_034420963.1,Ribosomal_L7Ae,PF01248.29
XP_034420135.1,Ribosomal_L7Ae,PF01248.29
XP_034419975.1,Ribosomal_L7Ae,PF01248.29
XP_034420232.1,Ribosomal_L7Ae,PF01248.29
XP_034423062.1,RIX1,PF08167.15
XP_034423344.1,RIX1,PF08167.15
XP_034424046.1,RIX1,PF08167.15
XP_034422816.1,RMI1_N,PF08585.15
XP_034422606.1,RMI1_N,PF08585.15
XP_034419947.1,RNase_PH,PF01138.24
XP_034421967.1,RNase_PH,PF01138.24
XP_034422610.1,RNase_PH,PF01138.24
XP_034423692.1,RNase_PH,PF01138.24
XP_034420635.1,RNase_PH,PF01138.24
XP_034422610.1,RNase_PH_C,PF03725.18
XP_034423692.1,RNase_PH_C,PF03725.18
XP_034421967.1,RNase_PH_C,PF03725.18
XP_034424216.1,RRM_1,PF00076.25
XP_034422564.1,RRM_1,PF00076.25
XP_034424153.1,RRM_1,PF00076.25
XP_034422126.1,RRM_1,PF00076.25
XP_034423527.1,RRM_1,PF00076.25
XP_034422031.1,RRM_1,PF00076.25
XP_034420820.1,RRM_1,PF00076.25
XP_034422728.1,RRM_1,PF00076.25
XP_034421750.1,RRM_1,PF00076.25
XP_034421190.1,RRM_1,PF00076.25
XP_034421149.1,RRM_1,PF00076.25
XP_034420307.1,RRM_1,PF00076.25
XP_034422998.1,RRM_1,PF00076.25
XP_034423476.1,RRM_1,PF00076.25
XP_034422704.1,RRM_1,PF00076.25
XP_034420910.1,RRM_1,PF00076.25
XP_034422489.1,RRM_1,PF00076.25
XP_034423876.1,RRM_1,PF00076.25
XP_034419651.1,RRM_1,PF00076.25
XP_034424332.1,RRM_1,PF00076.25
XP_034419648.1,RRM_1,PF00076.25
XP_034421273.1,RRM_1,PF00076.25
XP_034422685.1,RRM_1,PF00076.25
XP_034424014.1,RRM_1,PF00076.25
XP_034422239.1,RRM_1,PF00076.25
XP_034421332.1,RRM_1,PF00076.25
XP_034422635.1,RRM_1,PF00076.25
XP_034423247.1,RRM_1,PF00076.25
XP_034421220.1,RRM_1,PF00076.25
XP_034421566.1,RRM_1,PF00076.25
XP_034420303.1,RRM_1,PF00076.25
XP_034420897.1,RRM_1,PF00076.25
XP_034422161.1,RRM_1,PF00076.25
XP_034421028.1,RRM_1,PF00076.25
XP_034422162.1,RRM_1,PF00076.25
XP_034421312.1,RRM_1,PF00076.25
XP_034420283.1,RRM_1,PF00076.25
XP_034424222.1,RRM_1,PF00076.25
XP_034422982.1,RRM_1,PF00076.25
XP_034424072.1,RRM_1,PF00076.25
XP_034422192.1,RRM_1,PF00076.25
XP_034422570.1,RRM_1,PF00076.25
XP_034421449.1,RRM_1,PF00076.25
XP_034420637.1,RRM_1,PF00076.25
XP_034421524.1,RRM_1,PF00076.25
XP_034420325.1,RRM_1,PF00076.25
XP_034420920.1,RRM_1,PF00076.25
XP_034420924.1,RRM_1,PF00076.25
XP_034421723.1,RRM_1,PF00076.25
XP_034421724.1,RRM_1,PF00076.25
XP_034423571.1,RRM_1,PF00076.25
XP_034420714.1,RRM_1,PF00076.25
XP_034419687.1,RRM_1,PF00076.25
XP_034422507.1,RRM_1,PF00076.25
XP_034421514.1,RRM_1,PF00076.25
XP_034420561.1,RRM_1,PF00076.25
XP_034419856.1,RRM_1,PF00076.25
XP_034423914.1,RRM_1,PF00076.25
XP_034423002.1,RRM_1,PF00076.25
XP_034419918.1,RRM_1,PF00076.25
XP_034424438.1,RRM_1,PF00076.25
XP_034424403.1,RRM_1,PF00076.25
XP_034421638.1,RRM_1,PF00076.25
XP_034423329.1,RRM_1,PF00076.25
XP_034422353.1,RRM_1,PF00076.25
XP_034422491.1,RRM_1,PF00076.25
XP_034420676.1,RRM_1,PF00076.25
XP_034420367.1,RRM_1,PF00076.25
XP_034424324.1,RRM_1,PF00076.25
XP_034421498.1,RRM_1,PF00076.25
XP_034421482.1,RRM_1,PF00076.25
XP_034420071.1,RRM_1,PF00076.25
XP_034422430.1,RRM_1,PF00076.25
XP_034423615.1,RRM_1,PF00076.25
XP_034423980.1,RRM_1,PF00076.25
XP_034420792.1,RRM_1,PF00076.25
XP_034419651.1,RRM_5,PF13893.9
XP_034424216.1,RRM_5,PF13893.9
XP_034422564.1,RRM_5,PF13893.9
XP_034422031.1,RRM_5,PF13893.9
XP_034423876.1,RRM_5,PF13893.9
XP_034421332.1,RRM_5,PF13893.9
XP_034424222.1,RRM_5,PF13893.9
XP_034422126.1,RRM_5,PF13893.9
XP_034421220.1,RRM_5,PF13893.9
XP_034422685.1,RRM_5,PF13893.9
XP_034424014.1,RRM_5,PF13893.9
XP_034422728.1,RRM_5,PF13893.9
XP_034422353.1,RRM_5,PF13893.9
XP_034424153.1,RRM_5,PF13893.9
XP_034419651.1,RRM_8,PF11835.11
XP_034422685.1,RRM_8,PF11835.11
XP_034423206.1,Rtt106,PF08512.15
XP_034422999.1,Rtt106,PF08512.15
XP_034423530.1,Rtt106,PF08512.15
XP_034424079.1,S1,PF00575.26
XP_034419847.1,S1,PF00575.26
XP_034420356.1,S1,PF00575.26
XP_034420382.1,S1,PF00575.26
XP_034422991.1,S1,PF00575.26
XP_034419781.1,S1,PF00575.26
XP_034420777.1,S1,PF00575.26
XP_034421232.1,S1,PF00575.26
XP_034423777.1,SAM_1,PF00536.33
XP_034423946.1,SAM_1,PF00536.33
XP_034421240.1,SAM_1,PF00536.33
XP_034421106.1,SAP,PF02037.30
XP_034422575.1,SAP,PF02037.30
XP_034422898.1,SAP18,PF06487.15
XP_034420708.1,SAP18,PF06487.15
XP_034422492.1,SET,PF00856.31
XP_034421816.1,SET,PF00856.31
XP_034420775.1,SET,PF00856.31
XP_034424124.1,SET,PF00856.31
XP_034421675.1,SET,PF00856.31
XP_034422525.1,SET,PF00856.31
XP_034420128.1,SF3b1,PF08920.13
XP_034423537.1,SH2_2,PF14633.9
XP_034420544.1,SHNi-TPR,PF10516.12
XP_034421905.1,SHNi-TPR,PF10516.12
XP_034423595.1,SIR2,PF02146.20
XP_034423303.1,SIR2,PF02146.20
XP_034419908.1,SIR2,PF02146.20
XP_034421295.1,SIR2,PF02146.20
XP_034422634.1,Skp1,PF01466.22
XP_034422634.1,Skp1_POZ,PF03931.18
XP_034419686.1,Slu7,PF11708.11
XP_034423766.1,Slu7,PF11708.11
XP_034423712.1,Slu7,PF11708.11
XP_034421779.1,SNF2-rel_dom,PF00176.26
XP_034420010.1,SNF2-rel_dom,PF00176.26
XP_034420853.1,SNF2-rel_dom,PF00176.26
XP_034420322.1,SNF2-rel_dom,PF00176.26
XP_034423721.1,SNF2-rel_dom,PF00176.26
XP_034422946.1,SNF2-rel_dom,PF00176.26
XP_034424464.1,SNF2-rel_dom,PF00176.26
XP_034422442.1,SNF2-rel_dom,PF00176.26
XP_034420866.1,SNF2-rel_dom,PF00176.26
XP_034422545.1,SNF2-rel_dom,PF00176.26
XP_034420446.1,SNF2-rel_dom,PF00176.26
XP_034422247.1,SNF2-rel_dom,PF00176.26
XP_034420030.1,SNF2-rel_dom,PF00176.26
XP_034421606.1,SOCS_box,PF07525.19
XP_034423247.1,SPOC,PF07744.16
XP_034422805.1,SPRY,PF00622.31
XP_034420789.1,SPRY,PF00622.31
XP_034423040.1,SPRY,PF00622.31
XP_034422999.1,SPT16,PF08644.14
XP_034422159.1,SPT6_acidic,PF14632.9
XP_034423256.1,SRI,PF08236.14
XP_034419789.1,SRI,PF08236.14
XP_034423206.1,SSrecog,PF03531.17
XP_034421654.1,SSrecog,PF03531.17
XP_034423603.1,SSXT,PF05030.15
XP_034421609.1,SSXT,PF05030.15
XP_034423170.1,Surp,PF01805.23
XP_034422192.1,Surp,PF01805.23
XP_034422438.1,Surp,PF01805.23
XP_034423007.1,SWIB,PF02201.21
XP_034419697.1,SWIB,PF02201.21
XP_034424456.1,SWIB,PF02201.21
XP_034419629.1,SWIB,PF02201.21
XP_034423070.1,SWIB,PF02201.21
XP_034421771.1,TAF,PF02969.20
XP_034420804.1,TAF,PF02969.20
XP_034421770.1,TAF,PF02969.20
XP_034423187.1,TAF,PF02969.20
XP_034422471.1,TAF6_C,PF07571.16
XP_034421271.1,TAFII55_N,PF04658.16
XP_034422562.1,TFIID-18kDa,PF02269.19
XP_034420406.1,TFIID-31kDa,PF02291.18
XP_034421771.1,TFIID-31kDa,PF02291.18
XP_034421722.1,TFIID-31kDa,PF02291.18
XP_034422377.1,TFIID-31kDa,PF02291.18
XP_034424028.1,TFIID_20kDa,PF03847.16
XP_034421770.1,TFIID_20kDa,PF03847.16
XP_034423044.1,TFIID_30kDa,PF03540.16
XP_034423762.1,TFIIIC_delta,PF12657.10
XP_034424100.1,TIP49,PF06068.16
XP_034422588.1,TIP49,PF06068.16
XP_034421761.1,TIP49,PF06068.16
XP_034422393.1,TIP49,PF06068.16
XP_034422098.1,TIP49,PF06068.16
XP_034422894.1,TIP49,PF06068.16
XP_034420073.1,TIP49,PF06068.16
XP_034423364.1,TIP49,PF06068.16
XP_034423439.1,TIP49,PF06068.16
XP_034421855.1,TIP49,PF06068.16
XP_034422945.1,TIP49,PF06068.16
XP_034424445.1,TIP49,PF06068.16
XP_034421635.1,TIP49,PF06068.16
XP_034420901.1,TIP49,PF06068.16
XP_034424368.1,TIP49,PF06068.16
XP_034423871.1,TIP49,PF06068.16
XP_034422744.1,TIP49,PF06068.16
XP_034423420.1,TIP49,PF06068.16
XP_034423922.1,TIP49,PF06068.16
XP_034421530.1,TIP49,PF06068.16
XP_034421629.1,TLE_N,PF03920.18
XP_034420290.1,TmcA_N,PF08351.14
XP_034424367.1,Toprim,PF01751.25
XP_034423756.1,Toprim,PF01751.25
XP_034421913.1,Toprim,PF01751.25
XP_034420150.1,Toprim,PF01751.25
XP_034421126.1,Tower,PF09121.13
XP_034421905.1,TPR_1,PF00515.31
XP_034424380.1,TPR_1,PF00515.31
XP_034422526.1,TPR_1,PF00515.31
XP_034423915.1,TPR_1,PF00515.31
XP_034420159.1,TPR_1,PF00515.31
XP_034422505.1,TPR_1,PF00515.31
XP_034423711.1,TPR_1,PF00515.31
XP_034424108.1,TPR_1,PF00515.31
XP_034421709.1,TPR_1,PF00515.31
XP_034419987.1,TPR_1,PF00515.31
XP_034424431.1,TPR_1,PF00515.31
XP_034422224.1,TPR_1,PF00515.31
XP_034422029.1,TPR_1,PF00515.31
XP_034423943.1,TPR_1,PF00515.31
XP_034424401.1,TPR_1,PF00515.31
XP_034421733.1,TPR_1,PF00515.31
XP_034423844.1,TPR_1,PF00515.31
XP_034422124.1,TPR_1,PF00515.31
XP_034421019.1,TPR_1,PF00515.31
XP_034423097.1,TPR_1,PF00515.31
XP_034422408.1,TPR_1,PF00515.31
XP_034423999.1,TPR_1,PF00515.31
XP_034419704.1,TPR_1,PF00515.31
XP_034422186.1,TPR_1,PF00515.31
XP_034423563.1,TPR_1,PF00515.31
XP_034421197.1,TPR_1,PF00515.31
XP_034422157.1,TPR_1,PF00515.31
XP_034420544.1,TPR_1,PF00515.31
XP_034423646.1,TPR_1,PF00515.31
XP_034421814.1,TPR_1,PF00515.31
XP_034421420.1,TPR_1,PF00515.31
XP_034422295.1,TPR_1,PF00515.31
XP_034421905.1,TPR_11,PF13414.9
XP_034424431.1,TPR_11,PF13414.9
XP_034420159.1,TPR_11,PF13414.9
XP_034419987.1,TPR_11,PF13414.9
XP_034424108.1,TPR_11,PF13414.9
XP_034424380.1,TPR_11,PF13414.9
XP_034422186.1,TPR_11,PF13414.9
XP_034421019.1,TPR_11,PF13414.9
XP_034419684.1,TPR_11,PF13414.9
XP_034423915.1,TPR_11,PF13414.9
XP_034422505.1,TPR_11,PF13414.9
XP_034423097.1,TPR_11,PF13414.9
XP_034421709.1,TPR_11,PF13414.9
XP_034421726.1,TPR_11,PF13414.9
XP_034424401.1,TPR_11,PF13414.9
XP_034421814.1,TPR_11,PF13414.9
XP_034422526.1,TPR_11,PF13414.9
XP_034421905.1,TPR_17,PF13431.9
XP_034422505.1,TPR_17,PF13431.9
XP_034423915.1,TPR_17,PF13431.9
XP_034421814.1,TPR_17,PF13431.9
XP_034419987.1,TPR_17,PF13431.9
XP_034420159.1,TPR_17,PF13431.9
XP_034421726.1,TPR_17,PF13431.9
XP_034422526.1,TPR_17,PF13431.9
XP_034423711.1,TPR_17,PF13431.9
XP_034422029.1,TPR_17,PF13431.9
XP_034424431.1,TPR_17,PF13431.9
XP_034424380.1,TPR_17,PF13431.9
XP_034424108.1,TPR_17,PF13431.9
XP_034424401.1,TPR_17,PF13431.9
XP_034422224.1,TPR_17,PF13431.9
XP_034419684.1,TPR_17,PF13431.9
XP_034421019.1,TPR_17,PF13431.9
XP_034421905.1,TPR_2,PF07719.20
XP_034422505.1,TPR_2,PF07719.20
XP_034423915.1,TPR_2,PF07719.20
XP_034424380.1,TPR_2,PF07719.20
XP_034424108.1,TPR_2,PF07719.20
XP_034419987.1,TPR_2,PF07719.20
XP_034422029.1,TPR_2,PF07719.20
XP_034422526.1,TPR_2,PF07719.20
XP_034423711.1,TPR_2,PF07719.20
XP_034422224.1,TPR_2,PF07719.20
XP_034421709.1,TPR_2,PF07719.20
XP_034421019.1,TPR_2,PF07719.20
XP_034420159.1,TPR_2,PF07719.20
XP_034424401.1,TPR_2,PF07719.20
XP_034424330.1,TPR_2,PF07719.20
XP_034424431.1,TPR_2,PF07719.20
XP_034423097.1,TPR_2,PF07719.20
XP_034423646.1,TPR_2,PF07719.20
XP_034422186.1,TPR_2,PF07719.20
XP_034419684.1,TPR_2,PF07719.20
XP_034420544.1,TPR_2,PF07719.20
XP_034422124.1,TPR_2,PF07719.20
XP_034421197.1,TPR_2,PF07719.20
XP_034423844.1,TPR_2,PF07719.20
XP_034423943.1,TPR_2,PF07719.20
XP_034421814.1,TPR_2,PF07719.20
XP_034423563.1,TPR_2,PF07719.20
XP_034420684.1,TPR_2,PF07719.20
XP_034422408.1,TPR_2,PF07719.20
XP_034421469.1,TPR_2,PF07719.20
XP_034422901.1,TPR_2,PF07719.20
XP_034421733.1,TPR_2,PF07719.20
XP_034423999.1,TPR_2,PF07719.20
XP_034419704.1,TPR_2,PF07719.20
XP_034420855.1,TPR_2,PF07719.20
XP_034423675.1,TPR_2,PF07719.20
XP_034421658.1,TPR_2,PF07719.20
XP_034421726.1,TPR_2,PF07719.20
XP_034422157.1,TPR_2,PF07719.20
XP_034422175.1,TPR_2,PF07719.20
XP_034421420.1,TPR_2,PF07719.20
XP_034424172.1,TPR_2,PF07719.20
XP_034422295.1,TPR_2,PF07719.20
XP_034423274.1,TPR_2,PF07719.20
XP_034423128.1,TPR_2,PF07719.20
XP_034421905.1,TPR_8,PF13181.9
XP_034422505.1,TPR_8,PF13181.9
XP_034423711.1,TPR_8,PF13181.9
XP_034423915.1,TPR_8,PF13181.9
XP_034422029.1,TPR_8,PF13181.9
XP_034424431.1,TPR_8,PF13181.9
XP_034420544.1,TPR_8,PF13181.9
XP_034421709.1,TPR_8,PF13181.9
XP_034424380.1,TPR_8,PF13181.9
XP_034422224.1,TPR_8,PF13181.9
XP_034423943.1,TPR_8,PF13181.9
XP_034424401.1,TPR_8,PF13181.9
XP_034423563.1,TPR_8,PF13181.9
XP_034422186.1,TPR_8,PF13181.9
XP_034422124.1,TPR_8,PF13181.9
XP_034419987.1,TPR_8,PF13181.9
XP_034420159.1,TPR_8,PF13181.9
XP_034422526.1,TPR_8,PF13181.9
XP_034421146.1,TPR_8,PF13181.9
XP_034422295.1,TPR_8,PF13181.9
XP_034423844.1,TPR_8,PF13181.9
XP_034424108.1,TPR_8,PF13181.9
XP_034421019.1,TPR_8,PF13181.9
XP_034420855.1,TPR_8,PF13181.9
XP_034421814.1,TPR_8,PF13181.9
XP_034421658.1,TPR_8,PF13181.9
XP_034419704.1,TPR_8,PF13181.9
XP_034419684.1,TPR_8,PF13181.9
XP_034422408.1,TPR_8,PF13181.9
XP_034423646.1,TPR_8,PF13181.9
XP_034422157.1,TPR_8,PF13181.9
XP_034421473.1,TPR_8,PF13181.9
XP_034423097.1,TPR_8,PF13181.9
XP_034424330.1,TPR_8,PF13181.9
XP_034423087.1,TPR_8,PF13181.9
XP_034421197.1,TPR_8,PF13181.9
XP_034420290.1,tRNA_bind_2,PF13725.9
XP_034420263.1,TruB_N,PF01509.21
XP_034422051.1,TruB_N,PF01509.21
XP_034420188.1,TSP_1,PF00090.22
XP_034420089.1,TSP_1,PF00090.22
XP_034419817.1,TSP_1,PF00090.22
XP_034423655.1,TSP_1,PF00090.22
XP_034424161.1,TSP_1,PF00090.22
XP_034422367.1,TSP_1,PF00090.22
XP_034420825.1,TSP_1,PF00090.22
XP_034421474.1,TUDOR,PF00567.27
XP_034422828.1,TUDOR,PF00567.27
XP_034423782.1,TUDOR,PF00567.27
XP_034421645.1,Tudor-knot,PF11717.11
XP_034422779.1,UBA,PF00627.34
XP_034421515.1,UBA,PF00627.34
XP_034422533.1,UBA,PF00627.34
XP_034421693.1,UBA,PF00627.34
XP_034420603.1,ubiquitin,PF00240.26
XP_034422623.1,ubiquitin,PF00240.26
XP_034423937.1,ubiquitin,PF00240.26
XP_034421693.1,ubiquitin,PF00240.26
XP_034421202.1,ubiquitin,PF00240.26
XP_034422779.1,ubiquitin,PF00240.26
XP_034422263.1,ubiquitin,PF00240.26
XP_034423955.1,ubiquitin,PF00240.26
XP_034423094.1,ubiquitin,PF00240.26
XP_034424350.1,ubiquitin,PF00240.26
XP_034422193.1,ubiquitin,PF00240.26
XP_034421581.1,ubiquitin,PF00240.26
XP_034422282.1,ubiquitin,PF00240.26
XP_034420896.1,ubiquitin,PF00240.26
XP_034421515.1,ubiquitin,PF00240.26
XP_034420857.1,ubiquitin,PF00240.26
XP_034421478.1,ubiquitin,PF00240.26
XP_034422131.1,ubiquitin,PF00240.26
XP_034419786.1,ubiquitin,PF00240.26
XP_034421055.1,ubiquitin,PF00240.26
XP_034420719.1,UBN_AB,PF14075.9
XP_034422992.1,UCH,PF00443.32
XP_034420904.1,UCH,PF00443.32
XP_034420225.1,UCH,PF00443.32
XP_034423094.1,UCH,PF00443.32
XP_034421811.1,UCH,PF00443.32
XP_034419832.1,UCH,PF00443.32
XP_034423977.1,UCH,PF00443.32
XP_034422079.1,UCH,PF00443.32
XP_034422076.1,UDG,PF03167.22
XP_034420128.1,UME,PF08064.16
XP_034422471.1,UME,PF08064.16
XP_034423860.1,UME,PF08064.16
XP_034420528.1,UQ_con,PF00179.29
XP_034422533.1,UQ_con,PF00179.29
XP_034424071.1,UQ_con,PF00179.29
XP_034421191.1,UQ_con,PF00179.29
XP_034423093.1,UQ_con,PF00179.29
XP_034421030.1,UQ_con,PF00179.29
XP_034421133.1,UQ_con,PF00179.29
XP_034419649.1,UQ_con,PF00179.29
XP_034420418.1,UQ_con,PF00179.29
XP_034424412.1,UQ_con,PF00179.29
XP_034422096.1,UQ_con,PF00179.29
XP_034423740.1,UQ_con,PF00179.29
XP_034420099.1,UQ_con,PF00179.29
XP_034424397.1,UQ_con,PF00179.29
XP_034423642.1,Voldacs,PF03517.16
XP_034421381.1,WD40,PF00400.35
XP_034420785.1,WD40,PF00400.35
XP_034419653.1,WD40,PF00400.35
XP_034420824.1,WD40,PF00400.35
XP_034420212.1,WD40,PF00400.35
XP_034420067.1,WD40,PF00400.35
XP_034422312.1,WD40,PF00400.35
XP_034420579.1,WD40,PF00400.35
XP_034424178.1,WD40,PF00400.35
XP_034423270.1,WD40,PF00400.35
XP_034423726.1,WD40,PF00400.35
XP_034420125.1,WD40,PF00400.35
XP_034423011.1,WD40,PF00400.35
XP_034421868.1,WD40,PF00400.35
XP_034420347.1,WD40,PF00400.35
XP_034423919.1,WD40,PF00400.35
XP_034422793.1,WD40,PF00400.35
XP_034422225.1,WD40,PF00400.35
XP_034421619.1,WD40,PF00400.35
XP_034421666.1,WD40,PF00400.35
XP_034422957.1,WD40,PF00400.35
XP_034419756.1,WD40,PF00400.35
XP_034420645.1,WD40,PF00400.35
XP_034424239.1,WD40,PF00400.35
XP_034422600.1,WD40,PF00400.35
XP_034424278.1,WD40,PF00400.35
XP_034422947.1,WD40,PF00400.35
XP_034424348.1,WD40,PF00400.35
XP_034423771.1,WD40,PF00400.35
XP_034423600.1,WD40,PF00400.35
XP_034421776.1,WD40,PF00400.35
XP_034423598.1,WD40,PF00400.35
XP_034422404.1,WD40,PF00400.35
XP_034424468.1,WD40,PF00400.35
XP_034424372.1,WD40,PF00400.35
XP_034423077.1,WD40,PF00400.35
XP_034423226.1,WD40,PF00400.35
XP_034423805.1,WD40,PF00400.35
XP_034420893.1,WD40,PF00400.35
XP_034420414.1,WD40,PF00400.35
XP_034419665.1,WD40,PF00400.35
XP_034421450.1,WD40,PF00400.35
XP_034424107.1,WD40,PF00400.35
XP_034423755.1,WD40,PF00400.35
XP_034422500.1,WD40,PF00400.35
XP_034421201.1,WD40,PF00400.35
XP_034420215.1,WD40,PF00400.35
XP_034422760.1,WD40,PF00400.35
XP_034421915.1,WD40,PF00400.35
XP_034424398.1,WD40,PF00400.35
XP_034424192.1,WD40,PF00400.35
XP_034422134.1,WD40,PF00400.35
XP_034420991.1,WD40,PF00400.35
XP_034421982.1,WD40,PF00400.35
XP_034423568.1,WD40,PF00400.35
XP_034424259.1,WD40,PF00400.35
XP_034420286.1,WD40,PF00400.35
XP_034423461.1,WD40,PF00400.35
XP_034422702.1,WD40,PF00400.35
XP_034422121.1,WD40,PF00400.35
XP_034420448.1,WD40,PF00400.35
XP_034423002.1,WD40,PF00400.35
XP_034419993.1,WD40,PF00400.35
XP_034422791.1,WD40,PF00400.35
XP_034422965.1,WD40,PF00400.35
XP_034421643.1,WD40,PF00400.35
XP_034422845.1,WD40,PF00400.35
XP_034423085.1,WD40,PF00400.35
XP_034422307.1,WD40,PF00400.35
XP_034420728.1,WD40,PF00400.35
XP_034420373.1,WD40,PF00400.35
XP_034424276.1,WD40,PF00400.35
XP_034420701.1,WD40,PF00400.35
XP_034420814.1,WGR,PF05406.18
XP_034424086.1,WHIM1,PF15612.9
XP_034423565.1,WHIM1,PF15612.9
XP_034423632.1,WSD,PF15613.9
XP_034424279.1,Wtap,PF17098.8
XP_034419737.1,Wtap,PF17098.8
XP_034419736.1,Wtap,PF17098.8
XP_034423972.1,WW,PF00397.29
XP_034422126.1,WW,PF00397.29
XP_034422564.1,WW,PF00397.29
XP_034420820.1,WW,PF00397.29
XP_034424332.1,WW,PF00397.29
XP_034421715.1,WW,PF00397.29
XP_034424079.1,WWE,PF02825.23
XP_034422914.1,YEATS,PF03366.19
XP_034421236.1,Yippee-Mis18,PF03226.17
XP_034420027.1,Yippee-Mis18,PF03226.17
XP_034423430.1,YL1,PF05764.16
XP_034422845.1,YL1,PF05764.16
XP_034420924.1,YL1,PF05764.16
XP_034419944.1,YL1,PF05764.16
XP_034423430.1,YL1_C,PF08265.14
XP_034422380.1,YqgF,PF14639.9
XP_034420136.1,YTH,PF04146.18
XP_034422032.1,YTH,PF04146.18
XP_034423004.1,zf-B_box,PF00643.27
XP_034423196.1,zf-B_box,PF00643.27
XP_034420121.1,zf-B_box,PF00643.27
XP_034423886.1,zf-B_box,PF00643.27
XP_034419759.1,zf-B_box,PF00643.27
XP_034420578.1,zf-C2H2,PF00096.29
XP_034422755.1,zf-C2H2,PF00096.29
XP_034422716.1,zf-C2H2,PF00096.29
XP_034423375.1,zf-C2H2,PF00096.29
XP_034424392.1,zf-C2H2,PF00096.29
XP_034420578.1,zf-C2H2_4,PF13894.9
XP_034422755.1,zf-C2H2_4,PF13894.9
XP_034422716.1,zf-C2H2_4,PF13894.9
XP_034421874.1,zf-C2H2_4,PF13894.9
XP_034421810.1,zf-C2H2_4,PF13894.9
XP_034423375.1,zf-C2H2_4,PF13894.9
XP_034420578.1,zf-C2H2_6,PF13912.9
XP_034422716.1,zf-C2H2_6,PF13912.9
XP_034422755.1,zf-C2H2_6,PF13912.9
XP_034421874.1,zf-C2H2_6,PF13912.9
XP_034423434.1,zf-C2H2_jaz,PF12171.11
XP_034424392.1,zf-C2H2_jaz,PF12171.11
XP_034422716.1,zf-C2H2_jaz,PF12171.11
XP_034422755.1,zf-C2H2_jaz,PF12171.11
XP_034423464.1,zf-C2H2_jaz,PF12171.11
XP_034421874.1,zf-C2H2_jaz,PF12171.11
XP_034422467.1,zf-C3HC4,PF00097.28
XP_034419622.1,zf-C3HC4,PF00097.28
XP_034422782.1,zf-C3HC4,PF00097.28
XP_034423117.1,zf-C3HC4,PF00097.28
XP_034420543.1,zf-C3HC4,PF00097.28
XP_034421600.1,zf-C3HC4,PF00097.28
XP_034420183.1,zf-C3HC4,PF00097.28
XP_034422008.1,zf-C3HC4,PF00097.28
XP_034422326.1,zf-C3HC4,PF00097.28
XP_034421053.1,zf-C3HC4,PF00097.28
XP_034422703.1,zf-C3HC4,PF00097.28
XP_034419853.1,zf-C3HC4,PF00097.28
XP_034420364.1,zf-C3HC4,PF00097.28
XP_034423005.1,zf-C3HC4,PF00097.28
XP_034420574.1,zf-C3HC4,PF00097.28
XP_034419657.1,zf-C3HC4,PF00097.28
XP_034420194.1,zf-C3HC4,PF00097.28
XP_034422441.1,zf-C3HC4,PF00097.28
XP_034424464.1,zf-C3HC4,PF00097.28
XP_034423721.1,zf-C3HC4,PF00097.28
XP_034422792.1,zf-C3HC4,PF00097.28
XP_034422164.1,zf-C3HC4,PF00097.28
XP_034421032.1,zf-C3HC4,PF00097.28
XP_034423230.1,zf-C3HC4,PF00097.28
XP_034424324.1,zf-C3HC4,PF00097.28
XP_034420081.1,zf-C3HC4,PF00097.28
XP_034423904.1,zf-C3HC4,PF00097.28
XP_034422733.1,zf-C3HC4,PF00097.28
XP_034422227.1,zf-C3HC4,PF00097.28
XP_034421514.1,zf-C3HC4,PF00097.28
XP_034421600.1,zf-C3HC4_2,PF13923.9
XP_034422467.1,zf-C3HC4_2,PF13923.9
XP_034419622.1,zf-C3HC4_2,PF13923.9
XP_034420543.1,zf-C3HC4_2,PF13923.9
XP_034420183.1,zf-C3HC4_2,PF13923.9
XP_034422703.1,zf-C3HC4_2,PF13923.9
XP_034422008.1,zf-C3HC4_2,PF13923.9
XP_034423117.1,zf-C3HC4_2,PF13923.9
XP_034419657.1,zf-C3HC4_2,PF13923.9
XP_034422792.1,zf-C3HC4_2,PF13923.9
XP_034421053.1,zf-C3HC4_2,PF13923.9
XP_034422164.1,zf-C3HC4_2,PF13923.9
XP_034420364.1,zf-C3HC4_2,PF13923.9
XP_034423644.1,zf-C3HC4_2,PF13923.9
XP_034422782.1,zf-C3HC4_2,PF13923.9
XP_034423005.1,zf-C3HC4_2,PF13923.9
XP_034420158.1,zf-C3HC4_2,PF13923.9
XP_034421032.1,zf-C3HC4_2,PF13923.9
XP_034420194.1,zf-C3HC4_2,PF13923.9
XP_034422326.1,zf-C3HC4_2,PF13923.9
XP_034423230.1,zf-C3HC4_2,PF13923.9
XP_034422441.1,zf-C3HC4_2,PF13923.9
XP_034424464.1,zf-C3HC4_2,PF13923.9
XP_034420081.1,zf-C3HC4_2,PF13923.9
XP_034422227.1,zf-C3HC4_2,PF13923.9
XP_034423904.1,zf-C3HC4_2,PF13923.9
XP_034423302.1,zf-C3HC4_2,PF13923.9
XP_034419853.1,zf-C3HC4_2,PF13923.9
XP_034422733.1,zf-C3HC4_2,PF13923.9
XP_034423721.1,zf-C3HC4_2,PF13923.9
XP_034420574.1,zf-C3HC4_2,PF13923.9
XP_034420002.1,zf-C3HC4_2,PF13923.9
XP_034419824.1,zf-C3HC4_2,PF13923.9
XP_034424324.1,zf-C3HC4_2,PF13923.9
XP_034421638.1,zf-CCCH,PF00642.27
XP_034421252.1,zf-CCCH,PF00642.27
XP_034420276.1,zf-CCCH,PF00642.27
XP_034423072.1,zf-CCCH,PF00642.27
XP_034422556.1,zf-CCCH,PF00642.27
XP_034423230.1,zf-CCCH,PF00642.27
XP_034420587.1,zf-CCCH,PF00642.27
XP_034423432.1,zf-CCCH,PF00642.27
XP_034422746.1,zf-CCCH,PF00642.27
XP_034420205.1,zf-CCCH,PF00642.27
XP_034424438.1,zf-CCCH,PF00642.27
XP_034422427.1,zf-CCCH,PF00642.27
XP_034423473.1,zf-CCCH,PF00642.27
XP_034423051.1,zf-CCCH,PF00642.27
XP_034422085.1,zf-CCHC,PF00098.26
XP_034422291.1,zf-CCHC,PF00098.26
XP_034423099.1,zf-CCHC,PF00098.26
XP_034422432.1,zf-CCHC,PF00098.26
XP_034420454.1,zf-CW,PF07496.18
XP_034422266.1,zf-FCS,PF06467.17
XP_034422716.1,zf-FCS,PF06467.17
XP_034420578.1,zf-H2C2_2,PF13465.9
XP_034424159.1,zf-H2C2_2,PF13465.9
XP_034421128.1,zf-H2C2_2,PF13465.9
XP_034422716.1,zf-H2C2_2,PF13465.9
XP_034420772.1,zf-H2C2_5,PF13909.9
XP_034422741.1,zf-HC5HC2H,PF13771.9
XP_034421914.1,zf-HC5HC2H,PF13771.9
XP_034420140.1,zf-HC5HC2H,PF13771.9
XP_034422961.1,zf-HC5HC2H,PF13771.9
XP_034422227.1,zf-HC5HC2H,PF13771.9
XP_034422008.1,zf-HC5HC2H,PF13771.9
XP_034420868.1,zf-HC5HC2H,PF13771.9
XP_034420601.1,zf-HC5HC2H,PF13771.9
XP_034420140.1,zf-HC5HC2H_2,PF13832.9
XP_034421914.1,zf-HC5HC2H_2,PF13832.9
XP_034422741.1,zf-HC5HC2H_2,PF13832.9
XP_034422008.1,zf-HC5HC2H_2,PF13832.9
XP_034420037.1,zf-HC5HC2H_2,PF13832.9
XP_034422067.1,zf-HIT,PF04438.19
XP_034421103.1,zf-HIT,PF04438.19
XP_034422941.1,zf-HIT,PF04438.19
XP_034420617.1,zf-HIT,PF04438.19
XP_034421920.1,zf-HIT,PF04438.19
XP_034421151.1,zf-HIT,PF04438.19
XP_034419656.1,zf-HIT,PF04438.19
XP_034422716.1,zf-met,PF12874.10
XP_034423434.1,zf-met,PF12874.10
XP_034424392.1,zf-met,PF12874.10
XP_034422398.1,zf-met,PF12874.10
XP_034420578.1,zf-met,PF12874.10
XP_034423464.1,zf-met,PF12874.10
XP_034424070.1,zf-met,PF12874.10
XP_034419610.1,zf-MYND,PF01753.21
XP_034419656.1,zf-MYND,PF01753.21
XP_034422525.1,zf-MYND,PF01753.21
XP_034422815.1,zf-MYND,PF01753.21
XP_034419864.1,zf-MYND,PF01753.21
XP_034421920.1,zf-MYND,PF01753.21
XP_034424464.1,zf-PARP,PF00645.21
XP_034421859.1,zf-RanBP,PF00641.21
XP_034422507.1,zf-RanBP,PF00641.21
XP_034422768.1,zf-RanBP,PF00641.21
XP_034423981.1,zf-RanBP,PF00641.21
XP_034421032.1,zf-rbx1,PF12678.10
XP_034422441.1,zf-rbx1,PF12678.10
XP_034422703.1,zf-rbx1,PF12678.10
XP_034419657.1,zf-rbx1,PF12678.10
XP_034423117.1,zf-rbx1,PF12678.10
XP_034422008.1,zf-rbx1,PF12678.10
XP_034420183.1,zf-rbx1,PF12678.10
XP_034420364.1,zf-rbx1,PF12678.10
XP_034422164.1,zf-rbx1,PF12678.10
XP_034423644.1,zf-rbx1,PF12678.10
XP_034421600.1,zf-rbx1,PF12678.10
XP_034420158.1,zf-rbx1,PF12678.10
XP_034422981.1,zf-rbx1,PF12678.10
XP_034422733.1,zf-rbx1,PF12678.10
XP_034424464.1,zf-rbx1,PF12678.10
XP_034419622.1,zf-rbx1,PF12678.10
XP_034422782.1,zf-rbx1,PF12678.10
XP_034424186.1,zf-rbx1,PF12678.10
XP_034420543.1,zf-rbx1,PF12678.10
XP_034423735.1,zf-rbx1,PF12678.10
XP_034422467.1,zf-rbx1,PF12678.10
XP_034423230.1,zf-rbx1,PF12678.10
XP_034422227.1,zf-rbx1,PF12678.10
XP_034419853.1,zf-rbx1,PF12678.10
XP_034419657.1,zf-RING_2,PF13639.9
XP_034423117.1,zf-RING_2,PF13639.9
XP_034422164.1,zf-RING_2,PF13639.9
XP_034420183.1,zf-RING_2,PF13639.9
XP_034420364.1,zf-RING_2,PF13639.9
XP_034422703.1,zf-RING_2,PF13639.9
XP_034422008.1,zf-RING_2,PF13639.9
XP_034422467.1,zf-RING_2,PF13639.9
XP_034420158.1,zf-RING_2,PF13639.9
XP_034423644.1,zf-RING_2,PF13639.9
XP_034422441.1,zf-RING_2,PF13639.9
XP_034421600.1,zf-RING_2,PF13639.9
XP_034422733.1,zf-RING_2,PF13639.9
XP_034421032.1,zf-RING_2,PF13639.9
XP_034421053.1,zf-RING_2,PF13639.9
XP_034420543.1,zf-RING_2,PF13639.9
XP_034424464.1,zf-RING_2,PF13639.9
XP_034419622.1,zf-RING_2,PF13639.9
XP_034422782.1,zf-RING_2,PF13639.9
XP_034422326.1,zf-RING_2,PF13639.9
XP_034420002.1,zf-RING_2,PF13639.9
XP_034419853.1,zf-RING_2,PF13639.9
XP_034422792.1,zf-RING_2,PF13639.9
XP_034422981.1,zf-RING_2,PF13639.9
XP_034420574.1,zf-RING_2,PF13639.9
XP_034420081.1,zf-RING_2,PF13639.9
XP_034423721.1,zf-RING_2,PF13639.9
XP_034420194.1,zf-RING_2,PF13639.9
XP_034423230.1,zf-RING_2,PF13639.9
XP_034421080.1,zf-RING_2,PF13639.9
XP_034423005.1,zf-RING_2,PF13639.9
XP_034421514.1,zf-RING_2,PF13639.9
XP_034423735.1,zf-RING_2,PF13639.9
XP_034424324.1,zf-RING_2,PF13639.9
XP_034422227.1,zf-RING_2,PF13639.9
XP_034422647.1,zf-RING_2,PF13639.9
XP_034422961.1,zf-RING_2,PF13639.9
XP_034424186.1,zf-RING_2,PF13639.9
XP_034423904.1,zf-RING_2,PF13639.9
XP_034423036.1,zf-RING_2,PF13639.9
XP_034419824.1,zf-RING_2,PF13639.9
XP_034422467.1,zf-RING_5,PF14634.9
XP_034419657.1,zf-RING_5,PF14634.9
XP_034419853.1,zf-RING_5,PF14634.9
XP_034419622.1,zf-RING_5,PF14634.9
XP_034420183.1,zf-RING_5,PF14634.9
XP_034421600.1,zf-RING_5,PF14634.9
XP_034423117.1,zf-RING_5,PF14634.9
XP_034420194.1,zf-RING_5,PF14634.9
XP_034422792.1,zf-RING_5,PF14634.9
XP_034422164.1,zf-RING_5,PF14634.9
XP_034420158.1,zf-RING_5,PF14634.9
XP_034422008.1,zf-RING_5,PF14634.9
XP_034422782.1,zf-RING_5,PF14634.9
XP_034420543.1,zf-RING_5,PF14634.9
XP_034423230.1,zf-RING_5,PF14634.9
XP_034420364.1,zf-RING_5,PF14634.9
XP_034422733.1,zf-RING_5,PF14634.9
XP_034422326.1,zf-RING_5,PF14634.9
XP_034423005.1,zf-RING_5,PF14634.9
XP_034423721.1,zf-RING_5,PF14634.9
XP_034423735.1,zf-RING_5,PF14634.9
XP_034422617.1,zf-RING_5,PF14634.9
XP_034423904.1,zf-RING_5,PF14634.9
XP_034420002.1,zf-RING_5,PF14634.9
XP_034421032.1,zf-RING_5,PF14634.9
XP_034424324.1,zf-RING_5,PF14634.9
XP_034420574.1,zf-RING_5,PF14634.9
XP_034421146.1,zf-RING_5,PF14634.9
XP_034422703.1,zf-RING_5,PF14634.9
XP_034422467.1,zf-RING_6,PF14835.9
XP_034419622.1,zf-RING_6,PF14835.9
XP_034420543.1,zf-RING_6,PF14835.9
XP_034424209.1,zf-TFIIIC,PF12660.10
XP_034420698.1,zf-UBP,PF02148.22
XP_034420904.1,zf-UBP,PF02148.22
XP_034423036.1,zf-UBP,PF02148.22
XP_034423977.1,zf-UBP,PF02148.22
XP_034424307.1,zf-UBR,PF02207.23
XP_034420797.1,zf-UBR,PF02207.23
XP_034420194.1,zf_Hakai,PF18408.4
XP_034422808.1,ZZ,PF00569.20
XP_034420797.1,ZZ,PF00569.20
